ID|Nama|Jabatan|Umur|Gaji|Code
0001| Nama| Jabatan| Umur| Gaji|7202
0002|vengeance's| temperature's| 35| 9811|9927
0003|diagnostics| peacetime's| 18| 12562|3121
0004|navigation's| decoying| 32| 32167|1672
0005|jardinière| deplored| 30| 31628|2746
0006|intensive's| army| 35| 37126|4615
0007|dustiness's| restrictively| 31| 35519|2019
0008|spatted| Kara| 31| 18490|3341
0009|Zephyrhills| Chisholm| 34| 27720|9992
0010|sassier| queered| 25| 18325|5816
0011|combustion's| castle| 29| 7873|3892
0012|oodles's| bobtail| 32| 10245|3168
0013|deputize| callused| 28| 12651|4940
0014|Lucretia's| reflecting| 35| 31757|7314
0015|top| heroin| 23| 13845|6571
0016|insular| syphon's| 35| 30603|1063
0017|Hay's| fazed| 31| 22623|5289
0018|Kafkaesque's| illustrated| 21| 29212|9648
0019|bot| cyberbully's| 27| 33324|1912
0020|Guizot| kitchen's| 31| 20462|8798
0021|footrest| pillowed| 32| 11003|6039
0022|immersion| trails| 31| 19621|6416
0023|Jorge| Tatum| 27| 19152|9453
0024|accreditation| laundering| 34| 8868|3697
0025|plainly| browbeaten| 25| 22484|4630
0026|jollies| statehouse| 25| 11102|2455
0027|ripest| trikes| 30| 8777|4868
0028|manservant's| salami| 31| 9573|7330
0029|underpinning's| impeccably| 35| 35965|1864
0030|peevish| flanges| 25| 10398|8763
0031|bombardments| Constable's| 21| 23165|8882
0032|bartering| Titian| 24| 34448|8242
0033|Stefanie| dynamism's| 34| 30387|8968
0034|Antifa's| enviously| 22| 18375|2742
0035|Damascus| Windsor's| 34| 32146|2885
0036|dolled| abysmally| 24| 7226|9952
0037|accord| rasher's| 23| 9907|1285
0038|vacationer's| encyclopaedia| 26| 37052|3557
0039|Lennon's| dissociation's| 28| 30555|5383
0040|steel's| midwinter| 27| 10585|6970
0041|quenches| frisks| 26| 16246|4657
0042|sterilizes| timestamps| 17| 8948|5095
0043|Barron's| Alsatian| 31| 30803|5301
0044|gable's| premiere's| 31| 19940|6985
0045|Pôrto's| homepage's| 17| 8143|4488
0046|trivet| pewter's| 19| 12433|9590
0047|mongrel's| BitTorrent's| 33| 5992|6491
0048|burnout| inlet| 17| 11740|8977
0049|Dulles's| peeves| 33| 23655|8426
0050|Wesson's| elongate| 23| 31938|3409
0051|sulphurous| hubs| 32| 7841|1639
0052|Segre's| linemen| 24| 32733|3860
0053|muzzled| jackdaw| 34| 10966|8684
0054|carat's| trifler| 29| 5258|2530
0055|soften| Worcestershire| 34| 28397|5279
0056|tailed| forwardness's| 33| 12834|7992
0057|Collier's| sinus's| 23| 36076|4945
0058|lankier| trendy's| 19| 36987|5959
0059|curliest| airworthy| 35| 9246|4416
0060|lovely's| WA| 31| 11447|6754
0061|Brahmin's| secularization| 21| 18080|7857
0062|Udall| sociologist's| 32| 32648|6035
0063|Medford| resurrections| 22| 20881|7383
0064|declivity| extirpates| 26| 6980|5976
0065|ago| swiped| 19| 5818|2722
0066|holdout's| slouches| 26| 27080|6060
0067|betrayer's| symphony| 26| 26235|6282
0068|orifices| Sheffield| 27| 13799|3455
0069|Vulgates| endeared| 33| 31591|5912
0070|catalyzed| modify| 21| 34927|5492
0071|handcar| plummeting| 28| 20172|1004
0072|sub's| choking| 32| 8628|3396
0073|brinier| commemorated| 31| 5649|8858
0074|assist| hits| 33| 13798|3351
0075|laden| juror's| 26| 21285|3598
0076|rematch's| medians| 33| 30401|9747
0077|joins| Plataea's| 30| 15133|6597
0078|unruliest| throngs| 22| 12158|8684
0079|Ito's| journeyman's| 28| 6710|3790
0080|amigo's| tokes| 24| 11098|2846
0081|Emily's| Jocelyn| 27| 18331|3038
0082|chariots| Osage| 34| 31211|6050
0083|carapace's| bluntly| 22| 10847|1018
0084|versification's| beaten| 18| 32176|8421
0085|tease's| Carolyn| 28| 36808|8535
0086|butchery| commissar's| 35| 15425|2271
0087|friskiness| democratizes| 24| 32002|5768
0088|indignantly| pad| 18| 18040|1676
0089|lamenting| plunderer's| 29| 23826|3568
0090|resonate| bacteriological| 33| 19389|5962
0091|Cotopaxi| wises| 25| 29144|2260
0092|poignantly| Beryl| 18| 34326|3719
0093|stalactites| foreordaining| 22| 19231|5106
0094|cinematographers| zincs| 29| 22216|7127
0095|rangier| maltreatment| 21| 16988|5486
0096|musician's| remotely| 26| 32328|6569
0097|preoccupying| southbound| 29| 23229|6073
0098|Mercurochrome| flail| 26| 6753|6316
0099|nutritionally| equators| 24| 18663|6511
0100|gizmo's| Lu's| 34| 19320|6993
0101|tobogganed| landowners| 21| 9062|1082
0102|bifurcation| Chester's| 34| 27081|2094
0103|NC| mooed| 22| 10118|4022
0104|filigree's| guise's| 33| 27800|4627
0105|Karina's| saviour| 19| 23692|2483
0106|Suwanee| risky| 20| 30610|8654
0107|Kirkland| Roxie| 28| 32959|2779
0108|snootiness| digest's| 28| 28721|8536
0109|selenium's| chugs| 34| 28282|2558
0110|chastising| smallness's| 21| 30852|2019
0111|pullover| waters's| 31| 13133|4586
0112|Alcestis| needier| 20| 18332|3479
0113|snowshoe| tusks| 21| 36525|7652
0114|infiltrated| powering| 23| 20340|6976
0115|Nauru| Cantu's| 18| 27248|9596
0116|Eloise| Reykjavik's| 27| 28501|3629
0117|occupant's| Cameron's| 29| 12975|9330
0118|translation's| baroness| 17| 9554|3188
0119|Afrikaans's| wagering| 31| 34614|5225
0120|Kuwaitis| eats| 35| 6387|8732
0121|Norman's| varicose| 33| 33634|4537
0122|bookworm's| sprockets| 30| 6310|4162
0123|bulletin| Roentgen's| 29| 26535|3845
0124|housebreak| flamingos| 33| 9469|3407
0125|modal's| unsnarled| 20| 37701|7963
0126|column's| wedder| 17| 28984|7570
0127|Brownshirt's| cabbages| 26| 14730|2699
0128|Aeolus| cadged| 29| 20702|7105
0129|grimmer| descriptions| 25| 28835|1427
0130|naturalization's| expressionless| 29| 16544|4333
0131|stauncher| garages| 25| 25429|9912
0132|Tunguska's| inures| 24| 5431|2119
0133|perverseness| coffeehouse| 22| 19063|7616
0134|dead| billings| 17| 21766|5541
0135|angle| savagery's| 20| 29070|2953
0136|umiaks| gang's| 33| 25245|8334
0137|Balthazar's| thoroughness| 34| 16810|4444
0138|monolingual's| banning| 30| 22358|2932
0139|Norwich| sadistic| 21| 21926|7258
0140|ravens| prosy| 27| 11728|2624
0141|annuls| repaying| 28| 15000|5593
0142|appropriate| baseball| 27| 13914|8496
0143|GNU| smokehouse's| 28| 26395|8090
0144|oleomargarine| musketry| 17| 31083|4626
0145|Rutan| Peckinpah's| 35| 21413|6157
0146|yukked| Daedalus| 22| 10858|9730
0147|tile| ideograms| 17| 36514|1919
0148|clambake| palindromic| 31| 15398|5128
0149|takeouts| Truckee's| 28| 12303|3492
0150|philistines| damns| 29| 27115|4545
0151|mono| fief's| 30| 31201|9974
0152|souvenirs| matzohs| 21| 34789|6914
0153|Maryann's| offsprings| 20| 33414|2051
0154|kitties| raffle's| 31| 30745|5684
0155|deck's| abjure| 22| 25529|5341
0156|inclined| yacks| 33| 29433|5849
0157|samba| diplomas| 27| 5167|4965
0158|Earnest| geode| 20| 10931|3916
0159|silkworm| pensive| 25| 35748|4199
0160|advisement's| candying| 17| 29704|9684
0161|osier's| Wollstonecraft's| 17| 36602|4582
0162|ungulate| veldts| 23| 35647|1856
0163|loadstone| profundities| 17| 5502|2235
0164|vagary's| rector| 32| 24172|3934
0165|burrow's| bowels| 20| 29466|2553
0166|grow| wale| 26| 27832|7513
0167|Whitehorse| multitudes| 26| 5449|4979
0168|Dartmouth's| oodles| 19| 14618|3417
0169|beltway's| lapidary's| 22| 7494|7745
0170|orangutang's| paternity's| 20| 12227|4721
0171|Velásquez| exploratory| 25| 36742|7477
0172|collocation| Freud's| 30| 36304|5563
0173|deflector| conjugations| 31| 34992|6332
0174|litigation's| Manning| 31| 7970|1875
0175|system's| sweatiest| 19| 6047|6423
0176|dumbfounding| Hon| 22| 28778|4464
0177|merman| diminuendo's| 27| 5389|3394
0178|Cheerios| stereo's| 17| 10075|2413
0179|carcinogenics| flushes| 24| 16757|3769
0180|fez| skinning| 20| 27542|3854
0181|Timbuktu's| decade| 35| 19914|7345
0182|fry's| garrulously| 30| 11228|8052
0183|kindliness| Acuff| 33| 14973|6029
0184|conses| trapezoid's| 19| 22211|3851
0185|proffer's| trumpeting| 30| 18640|5952
0186|Kurdistan| oleander's| 21| 28157|9694
0187|bake| possibly| 28| 26680|4111
0188|humorless| sharply| 28| 20368|3385
0189|Addison| centrifuge| 29| 11367|5432
0190|filet's| Flaubert| 22| 6649|1380
0191|perforate| gigged| 27| 37183|1812
0192|pilgrim's| estate's| 25| 19662|2568
0193|Greeley| ceding| 17| 15894|9879
0194|Andean's| shrikes| 31| 8937|8514
0195|gigged| nightcap| 30| 36719|6052
0196|cartel| weepings| 34| 16424|1158
0197|kindergarteners| Scylla| 28| 29623|5159
0198|stylist| Macedon| 24| 29035|5874
0199|motherliness| industrious| 26| 5074|4339
0200|patricides| naysayer| 23| 7396|6665
0201|applicant's| innocuous| 17| 18431|3604
0202|Mercurochrome| silo| 30| 26065|3310
0203|UBS's| slick's| 19| 22198|9234
0204|Terra| May| 22| 34941|4536
0205|boyishness| smit| 32| 19882|4385
0206|topaz's| Beard| 20| 18852|2141
0207|plasticity's| pipe's| 25| 21342|5880
0208|log's| semantically| 25| 10232|2914
0209|Dschubba| examining| 22| 33320|6952
0210|o'er| Sears's| 23| 31881|7010
0211|concertmaster's| stockade's| 28| 11830|9312
0212|Minoan's| Safavid| 22| 14554|1654
0213|Venezuelans| jounces| 31| 19408|1291
0214|intensity| gusher| 17| 37191|1592
0215|jabberer| subbasement's| 17| 8724|6351
0216|shrilled| sevenths| 22| 34930|9662
0217|hedgerow's| mousetraps| 21| 7792|5597
0218|misrule's| rifleman| 34| 14227|1349
0219|Bertie| Eugenia| 26| 29804|2713
0220|contrail| dipsticks| 31| 9445|3832
0221|stranglehold's| haycock's| 25| 10746|4198
0222|Kelsey's| agreeably| 17| 6224|3128
0223|Hammurabi| waxier| 29| 19813|4172
0224|testy| remnant| 30| 17055|2680
0225|thickly| HIV| 29| 36511|5183
0226|accommodation| tangerines| 29| 33658|9652
0227|ruing| balladeer| 20| 8671|4662
0228|hirsute| recessions| 21| 12281|9003
0229|struggling| Cornish| 35| 29092|3876
0230|spools| sneering| 21| 36634|3037
0231|renown| bicycle's| 34| 13880|8144
0232|asphyxia's| gross| 33| 27906|4696
0233|Worcester's| protestants| 21| 36267|3717
0234|Galilean's| Cronin's| 20| 30254|6742
0235|radioisotopes| SharePoint's| 26| 22025|8708
0236|solving| humorist's| 23| 25039|1644
0237|win's| laxity's| 22| 13178|5538
0238|ranch| purebred's| 23| 18174|6618
0239|granulation's| tequila| 20| 9886|8122
0240|multitask| trifler's| 30| 9406|2513
0241|platforming| mints| 18| 32518|5163
0242|aw| cerebrums| 17| 8328|1681
0243|metamorphosing| Eros| 26| 15116|7869
0244|jested| sensitiveness| 31| 8569|4676
0245|Earth| featuring| 24| 32905|2197
0246|Jewell's| rustling| 18| 10993|5067
0247|endeavors| weeklies| 17| 13380|7748
0248|meetinghouse| custodian| 22| 11708|6167
0249|childcare| oppressively| 22| 11223|8636
0250|explorer's| composed| 34| 16414|7682
0251|Hebraic| dizzies| 23| 20452|5312
0252|defiles| competes| 26| 10977|1801
0253|morrows| atomizers| 25| 9528|1821
0254|tails| reenforce| 26| 8218|1414
0255|hiatus| enthusiasm| 23| 17506|2742
0256|showbiz's| horseradishes| 18| 8368|6506
0257|deuterium's| sloe| 19| 33886|5825
0258|accessioned| showy| 26| 18313|4044
0259|weenie| normalize| 32| 35076|3472
0260|underwriter's| baccalaureates| 29| 20763|2140
0261|puff| specie| 29| 18619|2241
0262|physiotherapists| horridly| 25| 20029|1285
0263|Pocatello| ballooning| 25| 7360|2457
0264|Mosley's| Grenadines| 28| 34002|3726
0265|rehabilitates| cogitate| 30| 10705|5178
0266|ammunition| protagonist| 31| 11325|6728
0267|whip| subversion| 21| 16641|8627
0268|entertainers| Fe's| 31| 13512|5463
0269|Gillian| wartier| 31| 19368|1342
0270|persistence's| champagnes| 30| 37351|8812
0271|Copenhagen| sorcerer| 31| 23516|5336
0272|agronomy| items| 35| 33013|2279
0273|equine's| Chinese| 29| 19908|4509
0274|eccentric's| Goodman| 26| 19404|9160
0275|insets| Josephson| 24| 24314|1141
0276|cane| Goff| 32| 9919|2428
0277|preexisting| provocative| 27| 16972|6249
0278|oceanographers| cunt| 24| 6950|3080
0279|flightier| confusingly| 26| 7508|5449
0280|spank's| maharajahs| 34| 9508|1474
0281|argot's| nebulae| 34| 15386|9545
0282|reevaluate| Invar's| 19| 7508|4607
0283|Shockley's| wardens| 33| 20139|7382
0284|Daphne's| clit| 21| 35408|8199
0285|meal| proof| 34| 14950|2467
0286|exoplanet's| diner's| 21| 13769|5677
0287|veer| photographs| 32| 25132|6888
0288|administrating| throwers| 29| 14081|5331
0289|Sammy| thoughtlessness| 17| 23607|7081
0290|anthropoid| homestead's| 32| 37098|8208
0291|showpiece's| aerobatics's| 26| 19301|8472
0292|altitude| importuned| 18| 22597|1369
0293|Frankfurt| replicates| 22| 28821|1962
0294|spindle| Marlowe's| 35| 18589|6506
0295|eglantine| saxophone| 20| 26936|6993
0296|softy| Havarti| 19| 13170|9536
0297|cam| summonsed| 26| 7734|3211
0298|outshines| reptile| 21| 36268|5168
0299|hangings| murdering| 25| 16699|8351
0300|procures| freshness's| 21| 20239|7816
0301|fuzziness| raisin's| 30| 10351|9871
0302|Corsican's| bathmat| 17| 24537|4969
0303|Masonic's| bugle| 26| 30766|5480
0304|hearers| hotshots| 32| 9384|3268
0305|highjacks| Mary| 24| 15185|5550
0306|Erato's| mainlines| 32| 7509|4060
0307|awol| weeds| 31| 29914|9429
0308|Pelee| regulation| 35| 11561|3521
0309|windshields| depressant's| 33| 32311|6716
0310|corrections| altimeters| 35| 25572|4212
0311|checkmate| hassle| 29| 36476|3054
0312|culotte's| Chesterfield| 27| 7886|6400
0313|Lorain's| federates| 27| 27154|7786
0314|swellhead's| interaction| 20| 8306|8858
0315|forth| Mg| 20| 7420|2015
0316|prohibited| contractual| 25| 23056|7544
0317|starter| Jared's| 32| 9720|5550
0318|convergence's| racketeers| 17| 35317|6824
0319|Galatea's| mascot's| 35| 26733|2853
0320|renovation's| deterrents| 25| 14209|1242
0321|biscuits| tattletale| 21| 33696|3889
0322|commands| SE's| 22| 31245|3025
0323|mobilizations| nuzzled| 20| 26864|6648
0324|gaping| horrific| 20| 36022|3686
0325|Kali's| pettifogging| 31| 36549|6670
0326|plume's| skimpiness's| 25| 10637|7371
0327|sutured| Pygmy| 30| 17448|6999
0328|pukes| Eurydice| 25| 33279|5007
0329|manhandles| upbraiding| 30| 26596|2069
0330|Maggie| negative's| 24| 22828|1601
0331|theocracy's| fissure's| 30| 34010|5598
0332|solvency's| eleven| 23| 7320|6876
0333|politely| propulsive| 21| 28300|4916
0334|AI's| Tlingit| 34| 12061|9653
0335|kernel| hurrayed| 32| 17866|6615
0336|Be's| pansy| 19| 8528|1880
0337|heartlessness| erased| 20| 29643|8034
0338|lessees| topside| 17| 10190|7287
0339|macroscopic| cowpokes| 22| 7295|4834
0340|ostrich's| croziers| 20| 37093|1998
0341|Augusts| burnous's| 28| 16044|7604
0342|goals| Teheran| 23| 22972|5310
0343|explore| courteously| 30| 17267|5460
0344|palpitate| complacence| 19| 22598|2940
0345|Nobelist| violas| 18| 31972|1332
0346|Damion| Castaneda| 18| 10690|4618
0347|BLT's| Ar| 21| 30034|7044
0348|wording| unfairest| 34| 33532|1487
0349|rhinestone's| haemophilia's| 22| 11957|3377
0350|sufficiency| disprove| 29| 17534|2762
0351|Si| Rowland's| 35| 36857|7063
0352|codifies| chafes| 35| 24092|3648
0353|thinness| privatization| 28| 33621|7873
0354|dances| chamberlains| 26| 15455|3148
0355|axe's| mooring| 23| 37466|9640
0356|Canaveral| replicates| 23| 5214|7565
0357|alts| invert| 21| 5988|6607
0358|Saragossa's| uncompromisingly| 32| 9954|4645
0359|disastrous| Lakshmi's| 17| 33093|6317
0360|reliant| jinricksha's| 28| 28520|3088
0361|gimmick's| gallstones| 32| 14306|2582
0362|cultivating| unproven| 35| 33447|5088
0363|imperfects| Amtrak's| 20| 15482|5836
0364|Goth's| shored| 25| 26523|7782
0365|miaow| conjoint| 19| 31924|3941
0366|pat| drop| 19| 11105|8378
0367|bubbliest| soybean's| 35| 37357|3579
0368|nightingale's| Capitoline| 35| 14633|7563
0369|bed's| Marion's| 33| 22969|5270
0370|moires| prestige| 33| 34516|4191
0371|centiliter's| testimonial's| 25| 10013|4255
0372|panda's| pettiness| 25| 25934|3281
0373|clone's| questionnaires| 20| 21714|8007
0374|amounts| upending| 30| 16940|1799
0375|skilled| crucified| 23| 21674|5496
0376|feta| legitimate| 20| 32555|4473
0377|tiro's| sarcasms| 19| 6507|9116
0378|meek| Amharic| 27| 24454|2351
0379|syllabus| feuds| 24| 21767|6494
0380|albacores| Rasmussen| 21| 32280|3910
0381|wordplay| repute| 20| 25050|2477
0382|backwater| unthinking| 34| 7018|5164
0383|suffragist| despatching| 20| 10178|1269
0384|Orem| plighted| 21| 10259|4319
0385|breadth| CST| 35| 13175|3732
0386|colloquy| dependence's| 23| 7869|3320
0387|baffles| Brooke's| 18| 19144|5320
0388|cartel's| guardrail's| 26| 16817|3841
0389|developments| bellybutton| 21| 32842|1136
0390|maid's| bodice's| 17| 27537|6106
0391|snip| Christopher's| 32| 6842|5023
0392|Yakima| encouraging| 27| 24047|1594
0393|bearable| wormy| 26| 28289|7351
0394|soliloquizes| landwards| 20| 14921|5226
0395|ingrate's| Decembers| 17| 36488|7140
0396|Min| Marceau's| 35| 19875|5686
0397|gem's| panel's| 32| 5149|1282
0398|Avis's| watercolors| 24| 21640|7829
0399|charades| director| 19| 28954|8075
0400|holdup's| complexity| 20| 25215|6574
0401|eviller| baker's| 27| 28362|6156
0402|rickshaw| ideologist| 24| 34394|8403
0403|Murrow| reasserted| 27| 12154|9217
0404|resemble| Metternich's| 23| 23541|2591
0405|taxis| purulent| 30| 6548|2380
0406|mindlessly| viaduct| 23| 34441|1000
0407|fight| Santana's| 24| 27261|8660
0408|surmounts| caroller| 33| 20672|2114
0409|mothballing| railroads| 29| 13912|1267
0410|countersinking| complainant's| 29| 26523|7376
0411|yawning| yuckier| 21| 35183|1656
0412|Bret's| conceptualizing| 24| 23408|4418
0413|dopey| azimuth| 25| 15376|8707
0414|Lissajous| unintelligibly| 19| 25301|8105
0415|droves| flash| 26| 25744|9211
0416|bouncy| gynecologist| 34| 26706|9559
0417|simple| etiology's| 18| 28870|3145
0418|familiarity| Winnipeg's| 25| 27500|8243
0419|ukuleles| collocated| 22| 29299|8362
0420|slacks's| embassy's| 28| 8099|4470
0421|businesses| Russel's| 24| 33688|7583
0422|earth's| plops| 28| 36818|2407
0423|reprimanding| humor's| 18| 7975|1118
0424|Coulomb's| tersest| 29| 26994|2293
0425|exorbitance's| allspice's| 29| 19566|3334
0426|succor| dykes| 21| 23157|3951
0427|Austen| windowed| 33| 24563|7477
0428|fating| intransitive's| 29| 22883|3888
0429|Nagy| munchies's| 17| 10911|6305
0430|Tc| horseshoe's| 26| 7483|1407
0431|Welland| pompons| 31| 26812|1006
0432|Sodom| nutritive| 33| 19044|2815
0433|multiplier| crushed| 19| 30636|2525
0434|Reginae| Schulz's| 35| 35832|4485
0435|fittings| moistens| 33| 19394|6954
0436|climbed| Clem| 28| 28239|6362
0437|Sarah| Alcuin's| 24| 27082|4693
0438|tragic| diskettes| 30| 22328|2069
0439|amulet| featherier| 34| 6744|1321
0440|Ubangi| dud| 28| 36443|7422
0441|logotype| unremarkable| 28| 30414|8438
0442|Sabre| plutonium| 21| 26927|7044
0443|secretary's| daybed| 35| 8068|9626
0444|hunkers| pompously| 32| 29833|4518
0445|Clementine| emceed| 31| 15268|6214
0446|discommodes| Pernod's| 34| 30966|6260
0447|spied| endorses| 30| 27093|7146
0448|Protestants| concludes| 18| 17674|4883
0449|midyears| Fafnir's| 27| 11057|3223
0450|broomstick's| extricates| 25| 9136|3209
0451|telemeter| cockle| 35| 5857|5818
0452|travesty's| cornmeal| 29| 10388|3230
0453|Jacquard's| transcribes| 23| 28002|7482
0454|Yugoslav's| closely| 20| 7565|8843
0455|coifed| dislike| 21| 35675|7395
0456|cooper| postgraduate's| 17| 25901|4528
0457|Kickapoo's| serfs| 22| 34376|7247
0458|inflate| shootouts| 29| 19266|8429
0459|hard| unsafer| 26| 9831|3031
0460|surveys| Massasoit| 27| 36354|6371
0461|brunch's| beaker| 30| 7387|8562
0462|settler's| eldest| 27| 10842|3916
0463|strumpets| grapefruits| 17| 27487|8491
0464|fluidity| chip| 20| 8156|9058
0465|colleens| cents| 33| 31204|7711
0466|Honecker's| plumb| 28| 21007|1250
0467|spangles| mixer's| 30| 21533|1337
0468|braying| driblet's| 27| 5699|5161
0469|moldy| addressing| 34| 6505|5123
0470|feathered| Maya's| 24| 25481|6986
0471|merchandising| installs| 32| 21316|8658
0472|curdling| Sequoya's| 18| 19615|7123
0473|patterns| IL| 30| 15874|1282
0474|surplussed| Sal's| 25| 25223|6491
0475|stiffens| ridgepole| 21| 11727|3294
0476|sourer| previously| 20| 32926|4914
0477|adroitness| fuzzes| 23| 8160|4311
0478|debases| castoff| 17| 7966|2825
0479|undertake| retrograded| 29| 14460|7262
0480|reversals| vulcanizing| 30| 5873|9967
0481|fetishistic| whiteness| 34| 23265|7967
0482|Eiffel's| careful| 24| 11894|9036
0483|subscript's| rubdown| 25| 24246|4814
0484|Dixiecrat's| Jeanine's| 26| 6851|2468
0485|tribesman| breakdown's| 33| 35501|3264
0486|Northrup's| cavity's| 24| 7364|6485
0487|sangfroid| Bird| 23| 8195|2797
0488|Fukuyama's| Presbyterian's| 22| 30531|7052
0489|waylay| bursitis| 26| 28862|9006
0490|Provence| conspiracy's| 19| 7062|9549
0491|rivulets| mimic's| 30| 27828|1518
0492|uselessness| Windbreaker| 21| 30525|5153
0493|light| Frigga's| 26| 33875|1334
0494|scrimshaws| Lassen's| 27| 27600|9168
0495|wilderness| disapproves| 19| 30308|8048
0496|megahertzes| tribes| 20| 20531|4205
0497|papaws| spiced| 28| 21294|8942
0498|boom| fold| 35| 14880|8724
0499|silicate| regulator| 29| 27201|6616
0500|profounder| overweening| 32| 29772|3117
0501|subteen's| stun| 20| 16576|6583
0502|counselors| fogey's| 35| 27909|8969
0503|misty| shadowboxing| 25| 37509|1416
0504|escorts| caparison's| 33| 10140|4643
0505|pantaloons| vibrant| 28| 32077|4994
0506|Unitas| Polo's| 34| 30030|1003
0507|vendor's| Serb| 25| 14484|1403
0508|Stein| pinches| 27| 14764|7728
0509|killdeer| Hohenlohe's| 26| 13662|6105
0510|inelegant| bakes| 35| 30783|3640
0511|tomfoolery| rancher's| 28| 36123|7558
0512|taboos| gashing| 25| 14679|9178
0513|Daedalus| parricide| 18| 10829|8654
0514|Hatsheput's| statehood| 28| 24044|9724
0515|Cowley| peccary| 17| 33805|2170
0516|reapportioned| haycocks| 23| 23802|9129
0517|deny| woodworking| 22| 5206|8264
0518|autoimmune| tilde's| 32| 7713|1131
0519|Kirk| potash| 19| 37217|3590
0520|transfusions| Monday| 25| 5308|5648
0521|Vishnu's| retention| 20| 27722|7177
0522|demeaned| usual's| 32| 9657|2641
0523|renunciation's| sojourned| 26| 35617|4639
0524|forking| immortalize| 26| 34740|1498
0525|pandered| uncertainty's| 32| 6183|5820
0526|snooper's| breeding's| 32| 22009|7270
0527|stewarded| cyclones| 20| 6264|8288
0528|pupped| Hewlett| 23| 31662|2697
0529|regularizing| Grady's| 31| 13283|6615
0530|volcanos| latter| 33| 34506|2791
0531|underskirt| creep's| 19| 12705|1214
0532|wangle| Zyuganov's| 17| 28174|1451
0533|hoards| fluxed| 25| 8942|1372
0534|tarries| cubed| 31| 27464|3251
0535|negligent| beams| 32| 11078|9993
0536|dishcloths| picante| 29| 17186|2711
0537|swerves| reposes| 24| 26102|9295
0538|Felix's| Mead's| 23| 23733|3342
0539|daredevil| affirmative's| 28| 16045|5742
0540|sunbather| app| 20| 13199|1994
0541|invention's| disturbed| 21| 34517|7231
0542|recovers| guardedly| 26| 25326|6545
0543|improvident| styli| 22| 33607|5942
0544|rash| deals| 28| 28689|3122
0545|jaundicing| Apollonian| 26| 26454|6054
0546|testifies| pacifists| 35| 24956|6055
0547|anteroom's| Alexandria's| 23| 21620|7782
0548|centurions| Bayesian's| 32| 12730|3484
0549|misconceive| Moll's| 18| 23104|1500
0550|weapons| uncorking| 34| 11339|9541
0551|cursors| Tahitian's| 18| 7077|4074
0552|flowcharts| uncover| 19| 34929|3855
0553|rampage| deckles| 21| 11528|5515
0554|smitten| unexpurgated| 25| 33829|2154
0555|Epicurus| glamours| 29| 31207|3318
0556|slue's| At's| 23| 16154|7682
0557|errata's| Karaganda's| 30| 10778|1889
0558|milkweeds| gestation's| 25| 15030|6299
0559|diversionary| overwhelming| 18| 28937|4163
0560|debiting| surcharging| 34| 34607|4494
0561|spokes| lighthouse| 19| 14406|7311
0562|Balfour| hamster's| 28| 22847|7924
0563|Adan's| berry's| 33| 17119|4620
0564|tonight| acclamation| 34| 33074|4969
0565|violist's| drowsiest| 27| 33176|5484
0566|recalcitrance| balladeer| 20| 13573|6337
0567|disbelief's| sale| 27| 24441|8929
0568|Babar's| hyperlinks| 26| 12898|1376
0569|shaven| miaows| 26| 29280|8569
0570|adrenal's| objections| 18| 28276|1149
0571|Agustin| overlords| 31| 21165|6023
0572|sanders| hypnotism| 24| 8276|3739
0573|Soto| spatter| 18| 30293|1765
0574|novitiate's| sari's| 35| 34429|6539
0575|horizontal| enforce| 28| 24201|8595
0576|gybed| nonunion| 30| 34128|7158
0577|Bukharin| Waters's| 26| 10617|3410
0578|Rush's| capitulate| 21| 15711|6516
0579|polymerization| tapered| 20| 10149|7450
0580|Sulla's| Muhammad's| 31| 13137|9596
0581|Terrell's| banter| 21| 33737|9292
0582|histograms| Jonesboro's| 20| 7852|9151
0583|Kristie| braver| 28| 16721|3409
0584|swizzling| highlight| 19| 21010|1813
0585|shtick| Hawthorne| 25| 8674|9518
0586|revisits| garoting| 24| 28875|7404
0587|disproves| click's| 35| 32190|5684
0588|prosecution's| vehemence's| 25| 34273|5581
0589|interventions| shorthorn's| 33| 33243|2198
0590|Glastonbury's| schmalzy| 19| 21319|7961
0591|Auckland| banana's| 34| 29988|7320
0592|album's| customary| 17| 8718|2346
0593|sampler| retractable| 31| 18126|1132
0594|groused| flamingos| 21| 8489|9010
0595|heartiness's| engineer| 25| 26999|8337
0596|unmade| tetanus's| 20| 30937|4221
0597|sepals| Antichrist's| 21| 8930|1298
0598|psychiatrist| Hayworth's| 24| 18921|9475
0599|swivelling| pacifies| 21| 13516|1619
0600|falsify| alternator| 33| 24078|5992
0601|acetylene's| slime's| 25| 25942|6213
0602|cover| basis| 23| 31453|5593
0603|navigates| ships| 32| 26752|3873
0604|bankrupting| yanks| 29| 27113|3134
0605|deviance's| Eridanus's| 35| 15295|3658
0606|rankling| Noriega's| 24| 31744|1980
0607|wholesomeness| gasworks's| 35| 11742|1857
0608|auspiciousness's| blimp's| 33| 20543|4487
0609|clamor| million's| 18| 10229|3161
0610|Deadhead's| ACLU's| 30| 18445|5524
0611|skirmishing| Scotchmen| 26| 9217|1561
0612|cyclones| char's| 25| 16698|3017
0613|brunching| Aeneid's| 17| 23680|1628
0614|suitcase| pertinacity's| 25| 37384|3299
0615|orifice's| carpetbagging| 34| 8197|5641
0616|dropsy's| teller's| 31| 28937|3508
0617|lackeys| Evita| 21| 6094|4159
0618|impiously| calcium's| 20| 5429|6657
0619|kilobytes| characterize| 33| 33616|1490
0620|Tonto's| eucalyptuses| 19| 33899|9998
0621|wrecked| Knight| 27| 28792|4648
0622|Hepburn's| stylus's| 33| 5397|3845
0623|assail| caviar| 29| 25562|1905
0624|Texaco's| slip| 23| 18835|4120
0625|nastier| baselines| 25| 14722|2174
0626|Yakut| unaccountably| 34| 32973|6334
0627|Toni| Barlow| 26| 24370|1033
0628|moderated| caned| 25| 6852|9983
0629|Vallejo's| quadrant's| 22| 12752|1173
0630|clarinettists| sahib| 20| 14534|3249
0631|Arcturus| Dole's| 17| 37668|7699
0632|lighthouse's| nitwit's| 20| 19665|8116
0633|Freeman| Jacuzzi's| 17| 14718|3157
0634|hearts| promontory's| 19| 31373|1616
0635|gobble| assumptions| 32| 11383|7852
0636|ejecting| Muppet| 33| 28386|5601
0637|yuletide| interviewer's| 17| 25819|1665
0638|Lindbergh| meltdown's| 35| 10979|6190
0639|critic's| lolcat's| 30| 35385|1820
0640|glaringly| Disney| 25| 32246|2157
0641|rank| protons| 28| 20992|8181
0642|exaggerate| telescoping| 22| 26226|4589
0643|mph| shocks| 23| 36915|4756
0644|transvestism| Cherokee's| 28| 28808|4931
0645|sensitive| headmasters| 31| 14771|1438
0646|dwarves| deiced| 32| 36067|2670
0647|Emmy's| guiltless| 26| 29258|8167
0648|misdoing's| tonsures| 17| 9746|9811
0649|Cuban's| Refugio's| 25| 10823|1964
0650|hometowns| ossify| 27| 17310|1735
0651|skullcap's| love| 28| 30819|3811
0652|vowing| anyplace| 33| 22626|4426
0653|rustler's| Puritan's| 18| 26044|6988
0654|strangulated| gyps| 28| 26208|3991
0655|ides's| Laos| 33| 29255|4800
0656|Dreiser| Saran| 25| 25365|9749
0657|Weizmann's| stalemating| 17| 13244|6268
0658|DOS| scarcer| 28| 32085|4003
0659|threshes| decompression| 32| 16204|1531
0660|tawdriness's| mobster| 30| 33375|4243
0661|craters| nosiness's| 25| 16321|5934
0662|Ziegfeld| throwers| 25| 16355|7480
0663|cloture's| rough's| 23| 10559|1918
0664|scissor| scents| 23| 7219|2085
0665|Summers| judgement| 20| 35223|6331
0666|crop| privacy's| 30| 11497|6830
0667|Grus's| NASDAQ| 24| 10539|6409
0668|Lakeland| microphone| 29| 8032|9391
0669|hack's| Arizona's| 17| 22362|4250
0670|expelled| sidestroke's| 17| 35376|8099
0671|exploit| appellations| 27| 8274|5122
0672|Lepke's| tarmacked| 28| 5355|4027
0673|Azov's| Len's| 27| 25915|1555
0674|hero's| Aztecs| 18| 32348|5986
0675|idealism| Roach's| 31| 28444|6984
0676|narrated| Kankakee's| 34| 10386|9228
0677|Bobbie| concentrate's| 27| 25893|7093
0678|replace| reprint's| 17| 18284|4660
0679|fellow| lather| 24| 5514|9336
0680|bushwhacker| Meiji| 21| 32152|4342
0681|turnabout| totems| 18| 30530|5295
0682|Fairfield's| housewife's| 27| 33110|1457
0683|decolonization's| embalmer| 27| 18973|1734
0684|defoliation| worldliness| 34| 37522|5014
0685|popinjays| Giacometti's| 21| 29108|4366
0686|tasselling| Gable's| 20| 24042|8318
0687|sweetbread's| saucepan's| 34| 7082|3191
0688|joggles| Oprah's| 19| 37696|1764
0689|Deleon| charisma| 17| 10445|9293
0690|plaza's| crimped| 24| 24750|2948
0691|coruscates| conspirators| 35| 20971|8963
0692|maestro| scallywag's| 33| 29881|6055
0693|bytes| calyces| 29| 24103|3117
0694|emphasis's| dpi| 31| 36301|1861
0695|government's| Marius's| 17| 6779|2867
0696|substrate| Tunisian's| 18| 37412|2780
0697|bookmark| stub| 33| 20894|1466
0698|burglary| McGuire's| 33| 6950|9110
0699|sniffled| desegregating| 34| 5809|4641
0700|England's| wildcat's| 21| 18738|5764
0701|bellwethers| Lhotse's| 22| 20330|6015
0702|Alpine| endangered| 35| 17373|8985
0703|outfit| Carpenter| 20| 33517|7811
0704|gadgetry's| rarefied| 26| 9622|3264
0705|snitched| dainties| 31| 30425|8201
0706|electrodes| Gatsby| 23| 31971|2702
0707|pampered| craftsman| 18| 25000|9727
0708|bibliographers| obsolescent| 35| 36662|6764
0709|marshy| docket| 24| 17993|1059
0710|Jeanine's| blueprinted| 19| 19524|1205
0711|sunroof's| betrayed| 29| 8379|6876
0712|armlet| announcers| 23| 30234|9274
0713|Fushun| recapped| 24| 8035|1388
0714|repossession's| pinkeye's| 22| 9564|6177
0715|earwig's| outsourced| 22| 24073|4011
0716|finals| agitator's| 18| 8044|4833
0717|screwdrivers| taupe| 22| 30609|2325
0718|outing's| apogee's| 18| 20386|8169
0719|cork's| nymphomania| 22| 6122|7409
0720|uninviting| precinct's| 17| 18744|7927
0721|autocracy| godchildren| 22| 22567|4023
0722|Rogelio's| gabby| 23| 8713|5141
0723|prevailing| Luftwaffe| 18| 24494|3785
0724|Vallejo| arrange| 30| 28506|6273
0725|predatory| hypnotist| 21| 35293|6401
0726|reaching| spoor| 17| 10886|8141
0727|Travolta| suit| 26| 11075|3648
0728|Mauricio's| presence| 31| 8720|3961
0729|sickly| opens| 25| 29061|9485
0730|reminded| normalization's| 17| 7026|5573
0731|Attila's| complexion's| 22| 29684|3417
0732|chew's| margarita| 35| 24517|7758
0733|housemother| withers's| 29| 16528|4089
0734|trifled| filmier| 23| 9087|6865
0735|cornstalk| solenoid's| 22| 29879|2721
0736|Best| mutineers| 24| 6158|1855
0737|yieldings| drowsiness's| 22| 11503|5315
0738|sleepiest| marvelously| 34| 35002|5172
0739|semitone| rebuffed| 28| 11669|8439
0740|affect's| cockney's| 24| 24050|1195
0741|Beltane's| covering| 33| 23085|1598
0742|perpetrator| unchanged| 22| 18763|2241
0743|Isaac's| reconnaissance| 31| 20651|1131
0744|Fran's| cordiality's| 35| 25399|4364
0745|skyrocket's| blotched| 34| 12533|5048
0746|comprehension| rosary's| 27| 25759|7919
0747|percussion's| Cantonese| 27| 31209|4656
0748|disabling| copperhead's| 29| 32668|4566
0749|putrid| schmaltziest| 21| 10861|3070
0750|hassled| henceforth| 29| 24372|4642
0751|glamor's| backboard's| 22| 35566|1038
0752|succoring| puppy's| 30| 26509|8777
0753|Carney| misinterpret| 23| 23077|7097
0754|bedlam's| inmost| 20| 9361|3523
0755|fiddler's| ricketiest| 23| 31810|7920
0756|role| Louisville| 34| 22934|2168
0757|clenching| tom| 17| 14331|5764
0758|proctor's| sir's| 20| 20121|5120
0759|pilchards| Ruben| 29| 7220|9443
0760|debate| compulsion's| 30| 22800|5409
0761|urinated| demoniacal| 29| 14379|1144
0762|sis's| discretion| 33| 14218|5058
0763|cabal| printout| 25| 9279|3774
0764|glitter| clothe| 17| 36378|9736
0765|Scriabin| adipose| 25| 36678|4743
0766|flamingo's| garishness's| 28| 5268|1533
0767|ekes| tart| 26| 8224|5701
0768|churlish| cleaner's| 26| 9073|5832
0769|Bloomsburg's| showering| 31| 12924|2970
0770|tulle's| Baryshnikov's| 23| 14198|4478
0771|tatter's| medium| 31| 19614|8401
0772|Biogen's| Slovak| 32| 11990|4091
0773|outplacement| complaining| 35| 23568|2111
0774|asphyxiates| federalism| 17| 28276|3358
0775|obliviousness| once| 32| 37060|5836
0776|Juan's| yuckiest| 31| 25823|3948
0777|catechising| horsiest| 18| 20653|5243
0778|Kirkpatrick| admissions| 32| 18021|1654
0779|magnificent| inflame| 34| 22252|4895
0780|embroils| gauzy| 22| 10042|5457
0781|apparently| bush's| 34| 36969|7422
0782|Set's| username| 26| 13088|3437
0783|fracas| Paar's| 28| 34155|7662
0784|hacked| cardiograms| 30| 21925|6822
0785|alkalinity's| ducats| 24| 33587|2318
0786|returnable's| disheartens| 17| 25586|3803
0787|sashay's| thermos's| 31| 21707|2570
0788|temperas| glycerol| 22| 36856|9530
0789|slashes| polls| 22| 18470|1088
0790|counterfeiters| Othello's| 18| 14851|3229
0791|thrust| flagpole's| 21| 29356|6696
0792|platitude| incinerators| 20| 33190|3275
0793|bedroll| unsteadier| 18| 26886|4649
0794|jaggedest| Truth| 20| 10635|5761
0795|flasks| imposture| 28| 27828|3976
0796|Sphinx| bobbin| 21| 20635|9099
0797|evaporation's| covetously| 18| 17239|3830
0798|Sophia| redevelops| 19| 31988|1916
0799|staircase| Golconda's| 25| 19481|3351
0800|phlox's| woodman| 17| 8974|6014
0801|caviare's| admonishing| 33| 5965|5050
0802|Tlingit| cam's| 30| 28459|6853
0803|Modesto| Oahu's| 23| 16750|1420
0804|splendider| Ball| 33| 19026|6376
0805|peritonitis| codgers| 22| 28315|9351
0806|jugged| Héloise| 35| 24046|5821
0807|Jasper| inflow| 29| 25364|1245
0808|saddening| Einstein| 27| 10590|6730
0809|impanel| Learjet| 23| 33554|5205
0810|clinic's| coffeehouse's| 30| 21214|8659
0811|signing| portables| 20| 27926|9061
0812|vaulter| indiscreet| 28| 8547|2491
0813|Anaxagoras's| GMO| 34| 32622|1981
0814|snowflake's| nursed| 18| 23469|9560
0815|warbling| sheerer| 30| 5827|8577
0816|banqueted| diuretics| 23| 12420|4106
0817|dermatologists| operands| 28| 26205|8227
0818|practises| Ibiza| 31| 30465|4027
0819|wineglasses| legibly| 27| 30193|5089
0820|slews| octopus| 28| 36561|9764
0821|lifelike| nickles| 24| 20957|6004
0822|centerfolds| celebrity's| 25| 27668|8151
0823|spitefullest| midweeks| 20| 8463|2466
0824|decentralization's| adoration's| 31| 22915|3459
0825|fracture's| unfathomable| 22| 28322|2323
0826|rat's| napalmed| 25| 11694|7685
0827|felling| confirmation's| 31| 17213|4896
0828|resuscitating| deposit's| 29| 23775|9251
0829|pirate's| wheels| 29| 36396|9430
0830|secularization| veterinary's| 28| 10040|2006
0831|Occidental| sogginess| 31| 11321|4805
0832|fleshy| fuss's| 17| 36476|7149
0833|Garrick's| detox| 34| 16831|4981
0834|surrounding| logon's| 18| 7970|4712
0835|renumber| chiseler| 23| 21205|5216
0836|apologize| terrific| 17| 29505|8108
0837|crossing's| wiriest| 20| 31578|3000
0838|slippers| fusty| 33| 37633|7199
0839|fallibility| diligence| 27| 31555|6605
0840|vaporized| condiment's| 32| 15818|9319
0841|castaways| instance's| 32| 21705|8588
0842|km| courtesy's| 31| 21240|2350
0843|rearmament| naphtha's| 23| 7555|5335
0844|Gentoo's| humanness| 35| 8864|4845
0845|piecework| stimulating| 34| 10432|7658
0846|predominance| Olduvai| 30| 19837|2881
0847|misadventures| demesnes| 29| 7231|4473
0848|critical| Susana| 21| 31064|4870
0849|rares| pliancy| 24| 23954|5877
0850|twins| usages| 35| 25414|8602
0851|females| baron's| 29| 8071|4746
0852|anthers| scriptwriters| 32| 25688|9713
0853|Tianjin| drudgery's| 35| 8510|5658
0854|Rosenberg's| filibustered| 25| 22700|6411
0855|sermons| transmigrate| 35| 17064|6856
0856|Cara's| fireplug's| 21| 25435|5803
0857|rankle| millimeter's| 17| 30639|2085
0858|bookstores| grouting| 32| 18594|3870
0859|grubstake's| help's| 34| 27590|7734
0860|foolishness| vending| 27| 11488|2248
0861|inception's| Bahamian's| 24| 8405|6062
0862|drizzly| declassifies| 31| 8392|8967
0863|change| tweeter| 26| 30337|2100
0864|incremental| petrifaction| 24| 17730|4395
0865|Marquesas| polysyllables| 31| 28766|6437
0866|daredevils| detergents| 31| 10621|8360
0867|dumbbell| wryness| 21| 17522|1177
0868|Varanasi's| yellowest| 35| 24721|5329
0869|Cunningham| Brain| 28| 10544|9220
0870|churchman| Trinities| 30| 6880|9746
0871|yammers| styes| 28| 20228|3599
0872|binnacle| distillery's| 27| 10243|1723
0873|overpass's| angry| 30| 14921|3891
0874|Zephaniah| savings's| 27| 36304|8507
0875|choke's| accountant| 29| 23047|8538
0876|small| mow's| 21| 23214|3785
0877|paternity's| I| 32| 5135|6928
0878|economist| Huygens| 25| 30120|2864
0879|vandalizes| auditions| 20| 23481|9156
0880|desensitized| Yucatan's| 26| 34176|1729
0881|waitress's| founded| 31| 17692|4372
0882|Brigadoon's| washtubs| 32| 17114|9614
0883|taupe| obsess| 19| 36957|7010
0884|ANSIs| donation| 25| 28982|3148
0885|Masters's| baptismal| 28| 24739|4823
0886|fellows| deferment| 18| 16609|1463
0887|unforgettable| amulet| 28| 35098|8219
0888|Laura's| Jeff| 33| 19313|6969
0889|endless| revelry| 23| 14663|6109
0890|karaoke| tanker| 24| 15100|4534
0891|caucussed| brogue's| 21| 28824|1181
0892|inconspicuous| marshalled| 34| 8409|3729
0893|faeces's| reciting| 21| 9726|3868
0894|integrating| certifications| 18| 32060|5430
0895|commercial's| nontoxic| 27| 19264|2480
0896|godson's| Robbin| 33| 24254|2300
0897|taboos| advertiser's| 27| 35304|1711
0898|playing| aerospace| 26| 25988|2675
0899|users| SAM's| 25| 25906|1158
0900|luxury| armholes| 30| 5305|4804
0901|Adana| blondness's| 32| 6807|8182
0902|clambake's| Lissajous's| 19| 34885|4466
0903|deb| foully| 30| 5154|6932
0904|Jenner| Winchester's| 32| 20539|4988
0905|beggared| schizophrenia| 22| 9424|9469
0906|mucks| Franco| 23| 25750|3192
0907|Hank's| rhapsody's| 28| 17620|3083
0908|retained| Evita's| 32| 10257|6524
0909|plunge's| storm's| 32| 35760|7255
0910|grackles| certify| 26| 15596|7087
0911|wittingly| red's| 30| 28362|3364
0912|Barnum's| creationism| 33| 36005|9620
0913|intendeds| tickle's| 23| 27288|4391
0914|SUV| Inuit| 32| 5474|9776
0915|FPO| logo's| 33| 11359|6441
0916|Melva's| tumor's| 24| 7985|5202
0917|contradistinctions| slowed| 25| 5805|4562
0918|idol| lodging's| 25| 7146|9806
0919|Pauling| Malay's| 35| 34429|5813
0920|cot| disinterest's| 32| 37030|6024
0921|minicam| insolent| 31| 28322|6959
0922|mo| amphitheatre| 32| 8741|4602
0923|Pangaea| hectically| 33| 21606|9936
0924|Apollinaire's| jonquil| 35| 36762|4377
0925|mainmast| fuzziness's| 24| 27851|8456
0926|weighted| cacophonies| 31| 16136|6747
0927|enervating| cackles| 25| 18321|3452
0928|mercy| invulnerable| 30| 26641|8674
0929|ghostwrites| tapestry| 31| 5259|4850
0930|incisiveness's| indigestible| 27| 15307|6306
0931|bomb| dwell| 20| 5358|9445
0932|gamiest| gumbos| 17| 22108|1817
0933|cropper| loot| 20| 33712|7029
0934|freshwater's| hash's| 27| 34660|2606
0935|Jacklyn| peeper| 34| 19360|5750
0936|littleness| substandard| 21| 15852|8309
0937|syndication| newborn's| 32| 15780|7506
0938|flicker| rectilinear| 22| 24435|4240
0939|purchased| crew| 35| 13259|5454
0940|garden| Tisha's| 28| 34563|2002
0941|Islamist| loonier| 28| 8058|4863
0942|ache| encores| 23| 19513|6107
0943|misogynist| Provo's| 18| 6310|5848
0944|Pauline's| insoluble| 20| 10226|5651
0945|sticker| vapidness's| 32| 27231|4659
0946|slenderer| handsomeness| 25| 29593|3095
0947|pendant's| halibut's| 31| 32725|3636
0948|Kailua's| pulsating| 26| 25524|9908
0949|Keck's| undergraduate| 21| 13203|9237
0950|flunky's| paintings| 29| 10371|4493
0951|Thanksgivings| Myron's| 29| 30372|3221
0952|tech's| vessel's| 33| 11801|1000
0953|swaggerer| concierge| 21| 16886|1947
0954|Nd's| grasshoppers| 34| 25855|5685
0955|creed| popinjay's| 22| 37280|2880
0956|brier's| Fay's| 25| 15900|1529
0957|riddled| tanned| 21| 21530|6612
0958|Gatorade's| Netzahualcoyotl's| 35| 25562|9953
0959|pronouncement's| knotholes| 31| 12008|9553
0960|forefoot's| antagonistic| 19| 33935|5749
0961|castigators| hedonism| 29| 25873|2452
0962|breathlessness| woodcock| 22| 6817|7221
0963|Garbo| radiotherapist| 29| 17522|9569
0964|tangerine| Indy's| 25| 32830|8146
0965|Slavic's| nightlife's| 25| 27383|6228
0966|procrastination| Jami's| 28| 16913|3474
0967|superstar's| evacuation's| 29| 31261|2160
0968|tanner's| barbershop| 27| 20219|2139
0969|transform| crackpot| 21| 10012|6994
0970|broiled| lifesaver's| 17| 22429|2073
0971|copyrighting| promise| 31| 22567|4578
0972|Klingon| agonizing| 18| 8143|5055
0973|enhancements| Pentecostal's| 29| 10467|5565
0974|hobble| Pike| 19| 27825|3856
0975|computerizing| confidante| 34| 34071|2435
0976|opportunity| baled| 32| 28700|3675
0977|Ur| kindling's| 29| 36222|4425
0978|Noyes| unite| 34| 15476|8989
0979|pods| grapples| 19| 24564|8811
0980|wobbliest| sloppily| 26| 7528|1265
0981|Clarissa| bounden| 17| 14574|3655
0982|BYOB| Reinhold's| 32| 26786|6175
0983|ingraining| jaywalkers| 33| 14179|9686
0984|lauded| gusto's| 19| 20689|7530
0985|forgetfully| tanker's| 25| 25333|3662
0986|augured| dartboards| 23| 26242|1556
0987|Garrett| wrongness's| 30| 14540|3834
0988|Flagstaff's| catalpa's| 27| 36771|3379
0989|exorcising| literate| 18| 17523|4227
0990|Langland's| McClure| 30| 25401|9656
0991|postmarks| sexism's| 25| 32748|9641
0992|roan's| discomforts| 19| 35169|9882
0993|editorial's| rubbishy| 33| 13444|1563
0994|candlestick| pinholes| 29| 16401|3505
0995|solicited| barnacle| 27| 21521|9874
0996|lingeringly| fantasies| 33| 33613|1259
0997|psyched| exploited| 25| 12532|3876
0998|logrolling's| clods| 32| 30973|1092
0999|IRA| potion's| 28| 18686|2318
1000|moratoriums| Dido| 33| 18513|1523
1001|Google| piratical| 23| 9824|8056
