ID|Nama|Username|Password|Code
001|obstruction|obstruction|obstruction6@!|625
002|stereoscope's|stereoscopes|stereoscopes6@!|452
003|Sadie|sadie|Sadie6@!|315
004|lull|lull|lull6@!|517
005|tracker|tracker|tracker5@!|852
006|Veracruz|veracruz|Veracruz6@!|559
007|scallops|scallops|scallops2@!|575
008|happiness|happiness|happiness8@!|675
009|headlights|headlights|headlights4@!|279
010|MGM's|mgms|MGMs8@!|860
011|rustiest|rustiest|rustiest5@!|317
012|perihelions|perihelions|perihelions6@!|606
013|ladle|ladle|ladle8@!|207
014|ply's|plys|plys8@!|232
015|villains|villains|villains3@!|213
016|Schweppes|schweppes|Schweppes5@!|515
017|illegitimacy's|illegitimacys|illegitimacys8@!|373
018|naturalists|naturalists|naturalists5@!|196
019|commodity's|commoditys|commoditys7@!|380
020|colludes|colludes|colludes2@!|521
021|insurgences|insurgences|insurgences7@!|788
022|intern|intern|intern2@!|620
023|ecotourism's|ecotourisms|ecotourisms4@!|165
024|disreputably|disreputably|disreputably7@!|483
025|fantasizing|fantasizing|fantasizing1@!|378
026|mobilization|mobilization|mobilization1@!|366
027|sacrilegious|sacrilegious|sacrilegious5@!|827
028|evisceration|evisceration|evisceration8@!|179
029|ivies|ivies|ivies4@!|709
030|joule's|joules|joules3@!|787
031|Pechora's|pechoras|Pechoras3@!|458
032|nephritis|nephritis|nephritis2@!|180
033|skillet|skillet|skillet2@!|535
034|Ariosto|ariosto|Ariosto6@!|445
035|flout's|flouts|flouts7@!|460
036|prerecord|prerecord|prerecord7@!|163
037|reused|reused|reused9@!|302
038|unclearest|unclearest|unclearest3@!|220
039|Heineken|heineken|Heineken1@!|417
040|CT|ct|CT8@!|412
041|Dayton's|daytons|Daytons2@!|513
042|shodden|shodden|shodden7@!|715
043|bafflement|bafflement|bafflement8@!|287
044|uphills|uphills|uphills9@!|201
045|marinas|marinas|marinas9@!|647
046|Lenora's|lenoras|Lenoras9@!|412
047|Syrian's|syrians|Syrians2@!|884
048|Stuttgart|stuttgart|Stuttgart7@!|894
049|initial|initial|initial7@!|628
050|fireballs|fireballs|fireballs2@!|880
051|importer's|importers|importers9@!|512
052|align|align|align1@!|454
053|timber|timber|timber9@!|306
054|identifies|identifies|identifies7@!|465
055|croûton's|croûtons|croûtons1@!|484
056|toyed|toyed|toyed2@!|125
057|kumquats|kumquats|kumquats6@!|761
058|odors|odors|odors2@!|739
059|repellant|repellant|repellant8@!|501
060|accountability|accountability|accountability9@!|647
061|bozo|bozo|bozo2@!|488
062|sandpipers|sandpipers|sandpipers6@!|625
063|zwieback|zwieback|zwieback5@!|311
064|encoring|encoring|encoring9@!|774
065|archest|archest|archest7@!|261
066|mindlessness|mindlessness|mindlessness8@!|165
067|interpret|interpret|interpret3@!|838
068|newton|newton|newton1@!|376
069|Rove's|roves|Roves7@!|177
070|spindly|spindly|spindly7@!|552
071|servo's|servos|servos4@!|196
072|convict|convict|convict5@!|661
073|martial|martial|martial7@!|876
074|restlessness|restlessness|restlessness6@!|206
075|foxgloves|foxgloves|foxgloves9@!|642
076|auction|auction|auction5@!|282
077|backstroked|backstroked|backstroked1@!|582
078|interfere|interfere|interfere4@!|629
079|ultraviolet's|ultraviolets|ultraviolets4@!|360
080|thievery|thievery|thievery4@!|435
081|lathed|lathed|lathed6@!|633
082|meal|meal|meal1@!|258
083|Spica|spica|Spica4@!|175
084|misfit's|misfits|misfits7@!|373
085|Melody's|melodys|Melodys8@!|453
086|mostly|mostly|mostly5@!|758
087|accuses|accuses|accuses5@!|886
088|Alba|alba|Alba4@!|536
089|deprivation|deprivation|deprivation5@!|668
090|antics|antics|antics6@!|482
091|thru|thru|thru4@!|743
092|eyesore|eyesore|eyesore5@!|471
093|dukedom's|dukedoms|dukedoms1@!|605
094|Wong's|wongs|Wongs4@!|795
095|Stradivarius's|stradivariuss|Stradivariuss8@!|699
096|vane|vane|vane9@!|584
097|mudguard|mudguard|mudguard4@!|337
098|tilled|tilled|tilled3@!|175
099|penance's|penances|penances3@!|452
100|Jennifer's|jennifers|Jennifers1@!|523
