Name|Username|Password
riven|riven|riven5@!
warriors|warriors|warriors2@!
mynahs|mynahs|mynahs9@!
ups|ups|ups9@!
yogin|yogin|yogin7@!
Layla|layla|Layla4@!
wrongheaded|wrongheaded|wrongheaded3@!
wisely|wisely|wisely8@!
betrothed|betrothed|betrothed9@!
Morita|morita|Morita6@!
pasta|pasta|pasta5@!
Angolan's|angolans|Angolans1@!
anarchy's|anarchys|anarchys2@!
overbore|overbore|overbore3@!
spawns|spawns|spawns7@!
backslides|backslides|backslides7@!
cohere|cohere|cohere6@!
roman|roman|roman4@!
jinx|jinx|jinx5@!
dereliction's|derelictions|derelictions4@!
Frankfurter's|frankfurters|Frankfurters8@!
opioid|opioid|opioid3@!
bluffers|bluffers|bluffers4@!
defiance's|defiances|defiances8@!
flavorful|flavorful|flavorful7@!
expressionism|expressionism|expressionism6@!
bracelet|bracelet|bracelet3@!
churchyards|churchyards|churchyards9@!
confute|confute|confute9@!
jugular's|jugulars|jugulars2@!
flambeing|flambeing|flambeing6@!
Gallegos|gallegos|Gallegos7@!
computation|computation|computation4@!
ancestral|ancestral|ancestral9@!
stomp|stomp|stomp8@!
passive's|passives|passives5@!
salamanders|salamanders|salamanders1@!
Millay|millay|Millay6@!
indenturing|indenturing|indenturing5@!
lawgiver's|lawgivers|lawgivers5@!
declaration|declaration|declaration5@!
Abelson|abelson|Abelson1@!
shanghaiing|shanghaiing|shanghaiing7@!
radios|radios|radios2@!
drakes|drakes|drakes3@!
portent|portent|portent8@!
forwent|forwent|forwent3@!
paradigms|paradigms|paradigms5@!
revivals|revivals|revivals9@!
speckled|speckled|speckled5@!
firework's|fireworks|fireworks7@!
piecework's|pieceworks|pieceworks9@!
Somalian's|somalians|Somalians5@!
Brando's|brandos|Brandos8@!
subscripts|subscripts|subscripts7@!
demoed|demoed|demoed5@!
teller's|tellers|tellers2@!
regicides|regicides|regicides3@!
perusal|perusal|perusal1@!
ascendency's|ascendencys|ascendencys5@!
Presbyterian|presbyterian|Presbyterian9@!
frankest|frankest|frankest2@!
vindictively|vindictively|vindictively3@!
seashore's|seashores|seashores4@!
adumbrating|adumbrating|adumbrating1@!
susceptibility|susceptibility|susceptibility3@!
Corinth's|corinths|Corinths5@!
dairymaids|dairymaids|dairymaids7@!
actuator's|actuators|actuators1@!
enzyme|enzyme|enzyme6@!
unbuckling|unbuckling|unbuckling4@!
propagation's|propagations|propagations5@!
divisor's|divisors|divisors5@!
dozed|dozed|dozed2@!
embargo|embargo|embargo2@!
strolls|strolls|strolls4@!
Lenny's|lennys|Lennys5@!
Louie|louie|Louie5@!
seep|seep|seep3@!
curliness's|curlinesss|curlinesss4@!
Anouilh|anouilh|Anouilh5@!
porter's|porters|porters7@!
disappoint|disappoint|disappoint4@!
attest|attest|attest5@!
splutter|splutter|splutter7@!
inseparability's|inseparabilitys|inseparabilitys1@!
mucous|mucous|mucous3@!
monolingual|monolingual|monolingual6@!
plod|plod|plod6@!
mimic|mimic|mimic5@!
threadbare|threadbare|threadbare2@!
Demavend|demavend|Demavend1@!
dote|dote|dote7@!
Librium's|libriums|Libriums7@!
specified|specified|specified4@!
Gross's|grosss|Grosss8@!
demises|demises|demises3@!
fiord's|fiords|fiords3@!
pressurizes|pressurizes|pressurizes3@!
skitter|skitter|skitter4@!
