 Nama, Jabatan, Umur, Gaji
vengeance's, temperature's, 35, 9811
diagnostics, peacetime's, 18, 12562
navigation's, decoying, 32, 32167
jardinière, deplored, 30, 31628
intensive's, army, 35, 37126
dustiness's, restrictively, 31, 35519
spatted, Kara, 31, 18490
Zephyrhills, Chisholm, 34, 27720
sassier, queered, 25, 18325
combustion's, castle, 29, 7873
oodles's, bobtail, 32, 10245
deputize, callused, 28, 12651
Lucretia's, reflecting, 35, 31757
top, heroin, 23, 13845
insular, syphon's, 35, 30603
Hay's, fazed, 31, 22623
Kafkaesque's, illustrated, 21, 29212
bot, cyberbully's, 27, 33324
Guizot, kitchen's, 31, 20462
footrest, pillowed, 32, 11003
immersion, trails, 31, 19621
Jorge, Tatum, 27, 19152
accreditation, laundering, 34, 8868
plainly, browbeaten, 25, 22484
jollies, statehouse, 25, 11102
ripest, trikes, 30, 8777
manservant's, salami, 31, 9573
underpinning's, impeccably, 35, 35965
peevish, flanges, 25, 10398
bombardments, Constable's, 21, 23165
bartering, Titian, 24, 34448
Stefanie, dynamism's, 34, 30387
Antifa's, enviously, 22, 18375
Damascus, Windsor's, 34, 32146
dolled, abysmally, 24, 7226
accord, rasher's, 23, 9907
vacationer's, encyclopaedia, 26, 37052
Lennon's, dissociation's, 28, 30555
steel's, midwinter, 27, 10585
quenches, frisks, 26, 16246
sterilizes, timestamps, 17, 8948
Barron's, Alsatian, 31, 30803
gable's, premiere's, 31, 19940
Pôrto's, homepage's, 17, 8143
trivet, pewter's, 19, 12433
mongrel's, BitTorrent's, 33, 5992
burnout, inlet, 17, 11740
Dulles's, peeves, 33, 23655
Wesson's, elongate, 23, 31938
sulphurous, hubs, 32, 7841
Segre's, linemen, 24, 32733
muzzled, jackdaw, 34, 10966
carat's, trifler, 29, 5258
soften, Worcestershire, 34, 28397
tailed, forwardness's, 33, 12834
Collier's, sinus's, 23, 36076
lankier, trendy's, 19, 36987
curliest, airworthy, 35, 9246
lovely's, WA, 31, 11447
Brahmin's, secularization, 21, 18080
Udall, sociologist's, 32, 32648
Medford, resurrections, 22, 20881
declivity, extirpates, 26, 6980
ago, swiped, 19, 5818
holdout's, slouches, 26, 27080
betrayer's, symphony, 26, 26235
orifices, Sheffield, 27, 13799
Vulgates, endeared, 33, 31591
catalyzed, modify, 21, 34927
handcar, plummeting, 28, 20172
sub's, choking, 32, 8628
brinier, commemorated, 31, 5649
assist, hits, 33, 13798
laden, juror's, 26, 21285
rematch's, medians, 33, 30401
joins, Plataea's, 30, 15133
unruliest, throngs, 22, 12158
Ito's, journeyman's, 28, 6710
amigo's, tokes, 24, 11098
Emily's, Jocelyn, 27, 18331
chariots, Osage, 34, 31211
carapace's, bluntly, 22, 10847
versification's, beaten, 18, 32176
tease's, Carolyn, 28, 36808
butchery, commissar's, 35, 15425
friskiness, democratizes, 24, 32002
indignantly, pad, 18, 18040
lamenting, plunderer's, 29, 23826
resonate, bacteriological, 33, 19389
Cotopaxi, wises, 25, 29144
poignantly, Beryl, 18, 34326
stalactites, foreordaining, 22, 19231
cinematographers, zincs, 29, 22216
rangier, maltreatment, 21, 16988
musician's, remotely, 26, 32328
preoccupying, southbound, 29, 23229
Mercurochrome, flail, 26, 6753
nutritionally, equators, 24, 18663
gizmo's, Lu's, 34, 19320
tobogganed, landowners, 21, 9062
bifurcation, Chester's, 34, 27081
NC, mooed, 22, 10118
filigree's, guise's, 33, 27800
Karina's, saviour, 19, 23692
Suwanee, risky, 20, 30610
Kirkland, Roxie, 28, 32959
snootiness, digest's, 28, 28721
selenium's, chugs, 34, 28282
chastising, smallness's, 21, 30852
pullover, waters's, 31, 13133
Alcestis, needier, 20, 18332
snowshoe, tusks, 21, 36525
infiltrated, powering, 23, 20340
Nauru, Cantu's, 18, 27248
Eloise, Reykjavik's, 27, 28501
occupant's, Cameron's, 29, 12975
translation's, baroness, 17, 9554
Afrikaans's, wagering, 31, 34614
Kuwaitis, eats, 35, 6387
Norman's, varicose, 33, 33634
bookworm's, sprockets, 30, 6310
bulletin, Roentgen's, 29, 26535
housebreak, flamingos, 33, 9469
modal's, unsnarled, 20, 37701
column's, wedder, 17, 28984
Brownshirt's, cabbages, 26, 14730
Aeolus, cadged, 29, 20702
grimmer, descriptions, 25, 28835
naturalization's, expressionless, 29, 16544
stauncher, garages, 25, 25429
Tunguska's, inures, 24, 5431
perverseness, coffeehouse, 22, 19063
dead, billings, 17, 21766
angle, savagery's, 20, 29070
umiaks, gang's, 33, 25245
Balthazar's, thoroughness, 34, 16810
monolingual's, banning, 30, 22358
Norwich, sadistic, 21, 21926
ravens, prosy, 27, 11728
annuls, repaying, 28, 15000
appropriate, baseball, 27, 13914
GNU, smokehouse's, 28, 26395
oleomargarine, musketry, 17, 31083
Rutan, Peckinpah's, 35, 21413
yukked, Daedalus, 22, 10858
tile, ideograms, 17, 36514
clambake, palindromic, 31, 15398
takeouts, Truckee's, 28, 12303
philistines, damns, 29, 27115
mono, fief's, 30, 31201
souvenirs, matzohs, 21, 34789
Maryann's, offsprings, 20, 33414
kitties, raffle's, 31, 30745
deck's, abjure, 22, 25529
inclined, yacks, 33, 29433
samba, diplomas, 27, 5167
Earnest, geode, 20, 10931
silkworm, pensive, 25, 35748
advisement's, candying, 17, 29704
osier's, Wollstonecraft's, 17, 36602
ungulate, veldts, 23, 35647
loadstone, profundities, 17, 5502
vagary's, rector, 32, 24172
burrow's, bowels, 20, 29466
grow, wale, 26, 27832
Whitehorse, multitudes, 26, 5449
Dartmouth's, oodles, 19, 14618
beltway's, lapidary's, 22, 7494
orangutang's, paternity's, 20, 12227
Velásquez, exploratory, 25, 36742
collocation, Freud's, 30, 36304
deflector, conjugations, 31, 34992
litigation's, Manning, 31, 7970
system's, sweatiest, 19, 6047
dumbfounding, Hon, 22, 28778
merman, diminuendo's, 27, 5389
Cheerios, stereo's, 17, 10075
carcinogenics, flushes, 24, 16757
fez, skinning, 20, 27542
Timbuktu's, decade, 35, 19914
fry's, garrulously, 30, 11228
kindliness, Acuff, 33, 14973
conses, trapezoid's, 19, 22211
proffer's, trumpeting, 30, 18640
Kurdistan, oleander's, 21, 28157
bake, possibly, 28, 26680
humorless, sharply, 28, 20368
Addison, centrifuge, 29, 11367
filet's, Flaubert, 22, 6649
perforate, gigged, 27, 37183
pilgrim's, estate's, 25, 19662
Greeley, ceding, 17, 15894
Andean's, shrikes, 31, 8937
gigged, nightcap, 30, 36719
cartel, weepings, 34, 16424
kindergarteners, Scylla, 28, 29623
stylist, Macedon, 24, 29035
motherliness, industrious, 26, 5074
patricides, naysayer, 23, 7396
applicant's, innocuous, 17, 18431
Mercurochrome, silo, 30, 26065
UBS's, slick's, 19, 22198
Terra, May, 22, 34941
boyishness, smit, 32, 19882
topaz's, Beard, 20, 18852
plasticity's, pipe's, 25, 21342
log's, semantically, 25, 10232
Dschubba, examining, 22, 33320
o'er, Sears's, 23, 31881
concertmaster's, stockade's, 28, 11830
Minoan's, Safavid, 22, 14554
Venezuelans, jounces, 31, 19408
intensity, gusher, 17, 37191
jabberer, subbasement's, 17, 8724
shrilled, sevenths, 22, 34930
hedgerow's, mousetraps, 21, 7792
misrule's, rifleman, 34, 14227
Bertie, Eugenia, 26, 29804
contrail, dipsticks, 31, 9445
stranglehold's, haycock's, 25, 10746
Kelsey's, agreeably, 17, 6224
Hammurabi, waxier, 29, 19813
testy, remnant, 30, 17055
thickly, HIV, 29, 36511
accommodation, tangerines, 29, 33658
ruing, balladeer, 20, 8671
hirsute, recessions, 21, 12281
struggling, Cornish, 35, 29092
spools, sneering, 21, 36634
renown, bicycle's, 34, 13880
asphyxia's, gross, 33, 27906
Worcester's, protestants, 21, 36267
Galilean's, Cronin's, 20, 30254
radioisotopes, SharePoint's, 26, 22025
solving, humorist's, 23, 25039
win's, laxity's, 22, 13178
ranch, purebred's, 23, 18174
granulation's, tequila, 20, 9886
multitask, trifler's, 30, 9406
platforming, mints, 18, 32518
aw, cerebrums, 17, 8328
metamorphosing, Eros, 26, 15116
jested, sensitiveness, 31, 8569
Earth, featuring, 24, 32905
Jewell's, rustling, 18, 10993
endeavors, weeklies, 17, 13380
meetinghouse, custodian, 22, 11708
childcare, oppressively, 22, 11223
explorer's, composed, 34, 16414
Hebraic, dizzies, 23, 20452
defiles, competes, 26, 10977
morrows, atomizers, 25, 9528
tails, reenforce, 26, 8218
hiatus, enthusiasm, 23, 17506
showbiz's, horseradishes, 18, 8368
deuterium's, sloe, 19, 33886
accessioned, showy, 26, 18313
weenie, normalize, 32, 35076
underwriter's, baccalaureates, 29, 20763
puff, specie, 29, 18619
physiotherapists, horridly, 25, 20029
Pocatello, ballooning, 25, 7360
Mosley's, Grenadines, 28, 34002
rehabilitates, cogitate, 30, 10705
ammunition, protagonist, 31, 11325
whip, subversion, 21, 16641
entertainers, Fe's, 31, 13512
Gillian, wartier, 31, 19368
persistence's, champagnes, 30, 37351
Copenhagen, sorcerer, 31, 23516
agronomy, items, 35, 33013
equine's, Chinese, 29, 19908
eccentric's, Goodman, 26, 19404
insets, Josephson, 24, 24314
cane, Goff, 32, 9919
preexisting, provocative, 27, 16972
oceanographers, cunt, 24, 6950
flightier, confusingly, 26, 7508
spank's, maharajahs, 34, 9508
argot's, nebulae, 34, 15386
reevaluate, Invar's, 19, 7508
Shockley's, wardens, 33, 20139
Daphne's, clit, 21, 35408
meal, proof, 34, 14950
exoplanet's, diner's, 21, 13769
veer, photographs, 32, 25132
administrating, throwers, 29, 14081
Sammy, thoughtlessness, 17, 23607
anthropoid, homestead's, 32, 37098
showpiece's, aerobatics's, 26, 19301
altitude, importuned, 18, 22597
Frankfurt, replicates, 22, 28821
spindle, Marlowe's, 35, 18589
eglantine, saxophone, 20, 26936
softy, Havarti, 19, 13170
cam, summonsed, 26, 7734
outshines, reptile, 21, 36268
hangings, murdering, 25, 16699
procures, freshness's, 21, 20239
fuzziness, raisin's, 30, 10351
Corsican's, bathmat, 17, 24537
Masonic's, bugle, 26, 30766
hearers, hotshots, 32, 9384
highjacks, Mary, 24, 15185
Erato's, mainlines, 32, 7509
awol, weeds, 31, 29914
Pelee, regulation, 35, 11561
windshields, depressant's, 33, 32311
corrections, altimeters, 35, 25572
checkmate, hassle, 29, 36476
culotte's, Chesterfield, 27, 7886
Lorain's, federates, 27, 27154
swellhead's, interaction, 20, 8306
forth, Mg, 20, 7420
prohibited, contractual, 25, 23056
starter, Jared's, 32, 9720
convergence's, racketeers, 17, 35317
Galatea's, mascot's, 35, 26733
renovation's, deterrents, 25, 14209
biscuits, tattletale, 21, 33696
commands, SE's, 22, 31245
mobilizations, nuzzled, 20, 26864
gaping, horrific, 20, 36022
Kali's, pettifogging, 31, 36549
plume's, skimpiness's, 25, 10637
sutured, Pygmy, 30, 17448
pukes, Eurydice, 25, 33279
manhandles, upbraiding, 30, 26596
Maggie, negative's, 24, 22828
theocracy's, fissure's, 30, 34010
solvency's, eleven, 23, 7320
politely, propulsive, 21, 28300
AI's, Tlingit, 34, 12061
kernel, hurrayed, 32, 17866
Be's, pansy, 19, 8528
heartlessness, erased, 20, 29643
lessees, topside, 17, 10190
macroscopic, cowpokes, 22, 7295
ostrich's, croziers, 20, 37093
Augusts, burnous's, 28, 16044
goals, Teheran, 23, 22972
explore, courteously, 30, 17267
palpitate, complacence, 19, 22598
Nobelist, violas, 18, 31972
Damion, Castaneda, 18, 10690
BLT's, Ar, 21, 30034
wording, unfairest, 34, 33532
rhinestone's, haemophilia's, 22, 11957
sufficiency, disprove, 29, 17534
Si, Rowland's, 35, 36857
codifies, chafes, 35, 24092
thinness, privatization, 28, 33621
dances, chamberlains, 26, 15455
axe's, mooring, 23, 37466
Canaveral, replicates, 23, 5214
alts, invert, 21, 5988
Saragossa's, uncompromisingly, 32, 9954
disastrous, Lakshmi's, 17, 33093
reliant, jinricksha's, 28, 28520
gimmick's, gallstones, 32, 14306
cultivating, unproven, 35, 33447
imperfects, Amtrak's, 20, 15482
Goth's, shored, 25, 26523
miaow, conjoint, 19, 31924
pat, drop, 19, 11105
bubbliest, soybean's, 35, 37357
nightingale's, Capitoline, 35, 14633
bed's, Marion's, 33, 22969
moires, prestige, 33, 34516
centiliter's, testimonial's, 25, 10013
panda's, pettiness, 25, 25934
clone's, questionnaires, 20, 21714
amounts, upending, 30, 16940
skilled, crucified, 23, 21674
feta, legitimate, 20, 32555
tiro's, sarcasms, 19, 6507
meek, Amharic, 27, 24454
syllabus, feuds, 24, 21767
albacores, Rasmussen, 21, 32280
wordplay, repute, 20, 25050
backwater, unthinking, 34, 7018
suffragist, despatching, 20, 10178
Orem, plighted, 21, 10259
breadth, CST, 35, 13175
colloquy, dependence's, 23, 7869
baffles, Brooke's, 18, 19144
cartel's, guardrail's, 26, 16817
developments, bellybutton, 21, 32842
maid's, bodice's, 17, 27537
snip, Christopher's, 32, 6842
Yakima, encouraging, 27, 24047
bearable, wormy, 26, 28289
soliloquizes, landwards, 20, 14921
ingrate's, Decembers, 17, 36488
Min, Marceau's, 35, 19875
gem's, panel's, 32, 5149
Avis's, watercolors, 24, 21640
charades, director, 19, 28954
holdup's, complexity, 20, 25215
eviller, baker's, 27, 28362
rickshaw, ideologist, 24, 34394
Murrow, reasserted, 27, 12154
resemble, Metternich's, 23, 23541
taxis, purulent, 30, 6548
mindlessly, viaduct, 23, 34441
fight, Santana's, 24, 27261
surmounts, caroller, 33, 20672
mothballing, railroads, 29, 13912
countersinking, complainant's, 29, 26523
yawning, yuckier, 21, 35183
Bret's, conceptualizing, 24, 23408
dopey, azimuth, 25, 15376
Lissajous, unintelligibly, 19, 25301
droves, flash, 26, 25744
bouncy, gynecologist, 34, 26706
simple, etiology's, 18, 28870
familiarity, Winnipeg's, 25, 27500
ukuleles, collocated, 22, 29299
slacks's, embassy's, 28, 8099
businesses, Russel's, 24, 33688
earth's, plops, 28, 36818
reprimanding, humor's, 18, 7975
Coulomb's, tersest, 29, 26994
exorbitance's, allspice's, 29, 19566
succor, dykes, 21, 23157
Austen, windowed, 33, 24563
fating, intransitive's, 29, 22883
Nagy, munchies's, 17, 10911
Tc, horseshoe's, 26, 7483
Welland, pompons, 31, 26812
Sodom, nutritive, 33, 19044
multiplier, crushed, 19, 30636
Reginae, Schulz's, 35, 35832
fittings, moistens, 33, 19394
climbed, Clem, 28, 28239
Sarah, Alcuin's, 24, 27082
tragic, diskettes, 30, 22328
amulet, featherier, 34, 6744
Ubangi, dud, 28, 36443
logotype, unremarkable, 28, 30414
Sabre, plutonium, 21, 26927
secretary's, daybed, 35, 8068
hunkers, pompously, 32, 29833
Clementine, emceed, 31, 15268
discommodes, Pernod's, 34, 30966
spied, endorses, 30, 27093
Protestants, concludes, 18, 17674
midyears, Fafnir's, 27, 11057
broomstick's, extricates, 25, 9136
telemeter, cockle, 35, 5857
travesty's, cornmeal, 29, 10388
Jacquard's, transcribes, 23, 28002
Yugoslav's, closely, 20, 7565
coifed, dislike, 21, 35675
cooper, postgraduate's, 17, 25901
Kickapoo's, serfs, 22, 34376
inflate, shootouts, 29, 19266
hard, unsafer, 26, 9831
surveys, Massasoit, 27, 36354
brunch's, beaker, 30, 7387
settler's, eldest, 27, 10842
strumpets, grapefruits, 17, 27487
fluidity, chip, 20, 8156
colleens, cents, 33, 31204
Honecker's, plumb, 28, 21007
spangles, mixer's, 30, 21533
braying, driblet's, 27, 5699
moldy, addressing, 34, 6505
feathered, Maya's, 24, 25481
merchandising, installs, 32, 21316
curdling, Sequoya's, 18, 19615
patterns, IL, 30, 15874
surplussed, Sal's, 25, 25223
stiffens, ridgepole, 21, 11727
sourer, previously, 20, 32926
adroitness, fuzzes, 23, 8160
debases, castoff, 17, 7966
undertake, retrograded, 29, 14460
reversals, vulcanizing, 30, 5873
fetishistic, whiteness, 34, 23265
Eiffel's, careful, 24, 11894
subscript's, rubdown, 25, 24246
Dixiecrat's, Jeanine's, 26, 6851
tribesman, breakdown's, 33, 35501
Northrup's, cavity's, 24, 7364
sangfroid, Bird, 23, 8195
Fukuyama's, Presbyterian's, 22, 30531
waylay, bursitis, 26, 28862
Provence, conspiracy's, 19, 7062
rivulets, mimic's, 30, 27828
uselessness, Windbreaker, 21, 30525
light, Frigga's, 26, 33875
scrimshaws, Lassen's, 27, 27600
wilderness, disapproves, 19, 30308
megahertzes, tribes, 20, 20531
papaws, spiced, 28, 21294
boom, fold, 35, 14880
silicate, regulator, 29, 27201
profounder, overweening, 32, 29772
subteen's, stun, 20, 16576
counselors, fogey's, 35, 27909
misty, shadowboxing, 25, 37509
escorts, caparison's, 33, 10140
pantaloons, vibrant, 28, 32077
Unitas, Polo's, 34, 30030
vendor's, Serb, 25, 14484
Stein, pinches, 27, 14764
killdeer, Hohenlohe's, 26, 13662
inelegant, bakes, 35, 30783
tomfoolery, rancher's, 28, 36123
taboos, gashing, 25, 14679
Daedalus, parricide, 18, 10829
Hatsheput's, statehood, 28, 24044
Cowley, peccary, 17, 33805
reapportioned, haycocks, 23, 23802
deny, woodworking, 22, 5206
autoimmune, tilde's, 32, 7713
Kirk, potash, 19, 37217
transfusions, Monday, 25, 5308
Vishnu's, retention, 20, 27722
demeaned, usual's, 32, 9657
renunciation's, sojourned, 26, 35617
forking, immortalize, 26, 34740
pandered, uncertainty's, 32, 6183
snooper's, breeding's, 32, 22009
stewarded, cyclones, 20, 6264
pupped, Hewlett, 23, 31662
regularizing, Grady's, 31, 13283
volcanos, latter, 33, 34506
underskirt, creep's, 19, 12705
wangle, Zyuganov's, 17, 28174
hoards, fluxed, 25, 8942
tarries, cubed, 31, 27464
negligent, beams, 32, 11078
dishcloths, picante, 29, 17186
swerves, reposes, 24, 26102
Felix's, Mead's, 23, 23733
daredevil, affirmative's, 28, 16045
sunbather, app, 20, 13199
invention's, disturbed, 21, 34517
recovers, guardedly, 26, 25326
improvident, styli, 22, 33607
rash, deals, 28, 28689
jaundicing, Apollonian, 26, 26454
testifies, pacifists, 35, 24956
anteroom's, Alexandria's, 23, 21620
centurions, Bayesian's, 32, 12730
misconceive, Moll's, 18, 23104
weapons, uncorking, 34, 11339
cursors, Tahitian's, 18, 7077
flowcharts, uncover, 19, 34929
rampage, deckles, 21, 11528
smitten, unexpurgated, 25, 33829
Epicurus, glamours, 29, 31207
slue's, At's, 23, 16154
errata's, Karaganda's, 30, 10778
milkweeds, gestation's, 25, 15030
diversionary, overwhelming, 18, 28937
debiting, surcharging, 34, 34607
spokes, lighthouse, 19, 14406
Balfour, hamster's, 28, 22847
Adan's, berry's, 33, 17119
tonight, acclamation, 34, 33074
violist's, drowsiest, 27, 33176
recalcitrance, balladeer, 20, 13573
disbelief's, sale, 27, 24441
Babar's, hyperlinks, 26, 12898
shaven, miaows, 26, 29280
adrenal's, objections, 18, 28276
Agustin, overlords, 31, 21165
sanders, hypnotism, 24, 8276
Soto, spatter, 18, 30293
novitiate's, sari's, 35, 34429
horizontal, enforce, 28, 24201
gybed, nonunion, 30, 34128
Bukharin, Waters's, 26, 10617
Rush's, capitulate, 21, 15711
polymerization, tapered, 20, 10149
Sulla's, Muhammad's, 31, 13137
Terrell's, banter, 21, 33737
histograms, Jonesboro's, 20, 7852
Kristie, braver, 28, 16721
swizzling, highlight, 19, 21010
shtick, Hawthorne, 25, 8674
revisits, garoting, 24, 28875
disproves, click's, 35, 32190
prosecution's, vehemence's, 25, 34273
interventions, shorthorn's, 33, 33243
Glastonbury's, schmalzy, 19, 21319
Auckland, banana's, 34, 29988
album's, customary, 17, 8718
sampler, retractable, 31, 18126
groused, flamingos, 21, 8489
heartiness's, engineer, 25, 26999
unmade, tetanus's, 20, 30937
sepals, Antichrist's, 21, 8930
psychiatrist, Hayworth's, 24, 18921
swivelling, pacifies, 21, 13516
falsify, alternator, 33, 24078
acetylene's, slime's, 25, 25942
cover, basis, 23, 31453
navigates, ships, 32, 26752
bankrupting, yanks, 29, 27113
deviance's, Eridanus's, 35, 15295
rankling, Noriega's, 24, 31744
wholesomeness, gasworks's, 35, 11742
auspiciousness's, blimp's, 33, 20543
clamor, million's, 18, 10229
Deadhead's, ACLU's, 30, 18445
skirmishing, Scotchmen, 26, 9217
cyclones, char's, 25, 16698
brunching, Aeneid's, 17, 23680
suitcase, pertinacity's, 25, 37384
orifice's, carpetbagging, 34, 8197
dropsy's, teller's, 31, 28937
lackeys, Evita, 21, 6094
impiously, calcium's, 20, 5429
kilobytes, characterize, 33, 33616
Tonto's, eucalyptuses, 19, 33899
wrecked, Knight, 27, 28792
Hepburn's, stylus's, 33, 5397
assail, caviar, 29, 25562
Texaco's, slip, 23, 18835
nastier, baselines, 25, 14722
Yakut, unaccountably, 34, 32973
Toni, Barlow, 26, 24370
moderated, caned, 25, 6852
Vallejo's, quadrant's, 22, 12752
clarinettists, sahib, 20, 14534
Arcturus, Dole's, 17, 37668
lighthouse's, nitwit's, 20, 19665
Freeman, Jacuzzi's, 17, 14718
hearts, promontory's, 19, 31373
gobble, assumptions, 32, 11383
ejecting, Muppet, 33, 28386
yuletide, interviewer's, 17, 25819
Lindbergh, meltdown's, 35, 10979
critic's, lolcat's, 30, 35385
glaringly, Disney, 25, 32246
rank, protons, 28, 20992
exaggerate, telescoping, 22, 26226
mph, shocks, 23, 36915
transvestism, Cherokee's, 28, 28808
sensitive, headmasters, 31, 14771
dwarves, deiced, 32, 36067
Emmy's, guiltless, 26, 29258
misdoing's, tonsures, 17, 9746
Cuban's, Refugio's, 25, 10823
hometowns, ossify, 27, 17310
skullcap's, love, 28, 30819
vowing, anyplace, 33, 22626
rustler's, Puritan's, 18, 26044
strangulated, gyps, 28, 26208
ides's, Laos, 33, 29255
Dreiser, Saran, 25, 25365
Weizmann's, stalemating, 17, 13244
DOS, scarcer, 28, 32085
threshes, decompression, 32, 16204
tawdriness's, mobster, 30, 33375
craters, nosiness's, 25, 16321
Ziegfeld, throwers, 25, 16355
cloture's, rough's, 23, 10559
scissor, scents, 23, 7219
Summers, judgement, 20, 35223
crop, privacy's, 30, 11497
Grus's, NASDAQ, 24, 10539
Lakeland, microphone, 29, 8032
hack's, Arizona's, 17, 22362
expelled, sidestroke's, 17, 35376
exploit, appellations, 27, 8274
Lepke's, tarmacked, 28, 5355
Azov's, Len's, 27, 25915
hero's, Aztecs, 18, 32348
idealism, Roach's, 31, 28444
narrated, Kankakee's, 34, 10386
Bobbie, concentrate's, 27, 25893
replace, reprint's, 17, 18284
fellow, lather, 24, 5514
bushwhacker, Meiji, 21, 32152
turnabout, totems, 18, 30530
Fairfield's, housewife's, 27, 33110
decolonization's, embalmer, 27, 18973
defoliation, worldliness, 34, 37522
popinjays, Giacometti's, 21, 29108
tasselling, Gable's, 20, 24042
sweetbread's, saucepan's, 34, 7082
joggles, Oprah's, 19, 37696
Deleon, charisma, 17, 10445
plaza's, crimped, 24, 24750
coruscates, conspirators, 35, 20971
maestro, scallywag's, 33, 29881
bytes, calyces, 29, 24103
emphasis's, dpi, 31, 36301
government's, Marius's, 17, 6779
substrate, Tunisian's, 18, 37412
bookmark, stub, 33, 20894
burglary, McGuire's, 33, 6950
sniffled, desegregating, 34, 5809
England's, wildcat's, 21, 18738
bellwethers, Lhotse's, 22, 20330
Alpine, endangered, 35, 17373
outfit, Carpenter, 20, 33517
gadgetry's, rarefied, 26, 9622
snitched, dainties, 31, 30425
electrodes, Gatsby, 23, 31971
pampered, craftsman, 18, 25000
bibliographers, obsolescent, 35, 36662
marshy, docket, 24, 17993
Jeanine's, blueprinted, 19, 19524
sunroof's, betrayed, 29, 8379
armlet, announcers, 23, 30234
Fushun, recapped, 24, 8035
repossession's, pinkeye's, 22, 9564
earwig's, outsourced, 22, 24073
finals, agitator's, 18, 8044
screwdrivers, taupe, 22, 30609
outing's, apogee's, 18, 20386
cork's, nymphomania, 22, 6122
uninviting, precinct's, 17, 18744
autocracy, godchildren, 22, 22567
Rogelio's, gabby, 23, 8713
prevailing, Luftwaffe, 18, 24494
Vallejo, arrange, 30, 28506
predatory, hypnotist, 21, 35293
reaching, spoor, 17, 10886
Travolta, suit, 26, 11075
Mauricio's, presence, 31, 8720
sickly, opens, 25, 29061
reminded, normalization's, 17, 7026
Attila's, complexion's, 22, 29684
chew's, margarita, 35, 24517
housemother, withers's, 29, 16528
trifled, filmier, 23, 9087
cornstalk, solenoid's, 22, 29879
Best, mutineers, 24, 6158
yieldings, drowsiness's, 22, 11503
sleepiest, marvelously, 34, 35002
semitone, rebuffed, 28, 11669
affect's, cockney's, 24, 24050
Beltane's, covering, 33, 23085
perpetrator, unchanged, 22, 18763
Isaac's, reconnaissance, 31, 20651
Fran's, cordiality's, 35, 25399
skyrocket's, blotched, 34, 12533
comprehension, rosary's, 27, 25759
percussion's, Cantonese, 27, 31209
disabling, copperhead's, 29, 32668
putrid, schmaltziest, 21, 10861
hassled, henceforth, 29, 24372
glamor's, backboard's, 22, 35566
succoring, puppy's, 30, 26509
Carney, misinterpret, 23, 23077
bedlam's, inmost, 20, 9361
fiddler's, ricketiest, 23, 31810
role, Louisville, 34, 22934
clenching, tom, 17, 14331
proctor's, sir's, 20, 20121
pilchards, Ruben, 29, 7220
debate, compulsion's, 30, 22800
urinated, demoniacal, 29, 14379
sis's, discretion, 33, 14218
cabal, printout, 25, 9279
glitter, clothe, 17, 36378
Scriabin, adipose, 25, 36678
flamingo's, garishness's, 28, 5268
ekes, tart, 26, 8224
churlish, cleaner's, 26, 9073
Bloomsburg's, showering, 31, 12924
tulle's, Baryshnikov's, 23, 14198
tatter's, medium, 31, 19614
Biogen's, Slovak, 32, 11990
outplacement, complaining, 35, 23568
asphyxiates, federalism, 17, 28276
obliviousness, once, 32, 37060
Juan's, yuckiest, 31, 25823
catechising, horsiest, 18, 20653
Kirkpatrick, admissions, 32, 18021
magnificent, inflame, 34, 22252
embroils, gauzy, 22, 10042
apparently, bush's, 34, 36969
Set's, username, 26, 13088
fracas, Paar's, 28, 34155
hacked, cardiograms, 30, 21925
alkalinity's, ducats, 24, 33587
returnable's, disheartens, 17, 25586
sashay's, thermos's, 31, 21707
temperas, glycerol, 22, 36856
slashes, polls, 22, 18470
counterfeiters, Othello's, 18, 14851
thrust, flagpole's, 21, 29356
platitude, incinerators, 20, 33190
bedroll, unsteadier, 18, 26886
jaggedest, Truth, 20, 10635
flasks, imposture, 28, 27828
Sphinx, bobbin, 21, 20635
evaporation's, covetously, 18, 17239
Sophia, redevelops, 19, 31988
staircase, Golconda's, 25, 19481
phlox's, woodman, 17, 8974
caviare's, admonishing, 33, 5965
Tlingit, cam's, 30, 28459
Modesto, Oahu's, 23, 16750
splendider, Ball, 33, 19026
peritonitis, codgers, 22, 28315
jugged, Héloise, 35, 24046
Jasper, inflow, 29, 25364
saddening, Einstein, 27, 10590
impanel, Learjet, 23, 33554
clinic's, coffeehouse's, 30, 21214
signing, portables, 20, 27926
vaulter, indiscreet, 28, 8547
Anaxagoras's, GMO, 34, 32622
snowflake's, nursed, 18, 23469
warbling, sheerer, 30, 5827
banqueted, diuretics, 23, 12420
dermatologists, operands, 28, 26205
practises, Ibiza, 31, 30465
wineglasses, legibly, 27, 30193
slews, octopus, 28, 36561
lifelike, nickles, 24, 20957
centerfolds, celebrity's, 25, 27668
spitefullest, midweeks, 20, 8463
decentralization's, adoration's, 31, 22915
fracture's, unfathomable, 22, 28322
rat's, napalmed, 25, 11694
felling, confirmation's, 31, 17213
resuscitating, deposit's, 29, 23775
pirate's, wheels, 29, 36396
secularization, veterinary's, 28, 10040
Occidental, sogginess, 31, 11321
fleshy, fuss's, 17, 36476
Garrick's, detox, 34, 16831
surrounding, logon's, 18, 7970
renumber, chiseler, 23, 21205
apologize, terrific, 17, 29505
crossing's, wiriest, 20, 31578
slippers, fusty, 33, 37633
fallibility, diligence, 27, 31555
vaporized, condiment's, 32, 15818
castaways, instance's, 32, 21705
km, courtesy's, 31, 21240
rearmament, naphtha's, 23, 7555
Gentoo's, humanness, 35, 8864
piecework, stimulating, 34, 10432
predominance, Olduvai, 30, 19837
misadventures, demesnes, 29, 7231
critical, Susana, 21, 31064
rares, pliancy, 24, 23954
twins, usages, 35, 25414
females, baron's, 29, 8071
anthers, scriptwriters, 32, 25688
Tianjin, drudgery's, 35, 8510
Rosenberg's, filibustered, 25, 22700
sermons, transmigrate, 35, 17064
Cara's, fireplug's, 21, 25435
rankle, millimeter's, 17, 30639
bookstores, grouting, 32, 18594
grubstake's, help's, 34, 27590
foolishness, vending, 27, 11488
inception's, Bahamian's, 24, 8405
drizzly, declassifies, 31, 8392
change, tweeter, 26, 30337
incremental, petrifaction, 24, 17730
Marquesas, polysyllables, 31, 28766
daredevils, detergents, 31, 10621
dumbbell, wryness, 21, 17522
Varanasi's, yellowest, 35, 24721
Cunningham, Brain, 28, 10544
churchman, Trinities, 30, 6880
yammers, styes, 28, 20228
binnacle, distillery's, 27, 10243
overpass's, angry, 30, 14921
Zephaniah, savings's, 27, 36304
choke's, accountant, 29, 23047
small, mow's, 21, 23214
paternity's, I, 32, 5135
economist, Huygens, 25, 30120
vandalizes, auditions, 20, 23481
desensitized, Yucatan's, 26, 34176
waitress's, founded, 31, 17692
Brigadoon's, washtubs, 32, 17114
taupe, obsess, 19, 36957
ANSIs, donation, 25, 28982
Masters's, baptismal, 28, 24739
fellows, deferment, 18, 16609
unforgettable, amulet, 28, 35098
Laura's, Jeff, 33, 19313
endless, revelry, 23, 14663
karaoke, tanker, 24, 15100
caucussed, brogue's, 21, 28824
inconspicuous, marshalled, 34, 8409
faeces's, reciting, 21, 9726
integrating, certifications, 18, 32060
commercial's, nontoxic, 27, 19264
godson's, Robbin, 33, 24254
taboos, advertiser's, 27, 35304
playing, aerospace, 26, 25988
users, SAM's, 25, 25906
luxury, armholes, 30, 5305
Adana, blondness's, 32, 6807
clambake's, Lissajous's, 19, 34885
deb, foully, 30, 5154
Jenner, Winchester's, 32, 20539
beggared, schizophrenia, 22, 9424
mucks, Franco, 23, 25750
Hank's, rhapsody's, 28, 17620
retained, Evita's, 32, 10257
plunge's, storm's, 32, 35760
grackles, certify, 26, 15596
wittingly, red's, 30, 28362
Barnum's, creationism, 33, 36005
intendeds, tickle's, 23, 27288
SUV, Inuit, 32, 5474
FPO, logo's, 33, 11359
Melva's, tumor's, 24, 7985
contradistinctions, slowed, 25, 5805
idol, lodging's, 25, 7146
Pauling, Malay's, 35, 34429
cot, disinterest's, 32, 37030
minicam, insolent, 31, 28322
mo, amphitheatre, 32, 8741
Pangaea, hectically, 33, 21606
Apollinaire's, jonquil, 35, 36762
mainmast, fuzziness's, 24, 27851
weighted, cacophonies, 31, 16136
enervating, cackles, 25, 18321
mercy, invulnerable, 30, 26641
ghostwrites, tapestry, 31, 5259
incisiveness's, indigestible, 27, 15307
bomb, dwell, 20, 5358
gamiest, gumbos, 17, 22108
cropper, loot, 20, 33712
freshwater's, hash's, 27, 34660
Jacklyn, peeper, 34, 19360
littleness, substandard, 21, 15852
syndication, newborn's, 32, 15780
flicker, rectilinear, 22, 24435
purchased, crew, 35, 13259
garden, Tisha's, 28, 34563
Islamist, loonier, 28, 8058
ache, encores, 23, 19513
misogynist, Provo's, 18, 6310
Pauline's, insoluble, 20, 10226
sticker, vapidness's, 32, 27231
slenderer, handsomeness, 25, 29593
pendant's, halibut's, 31, 32725
Kailua's, pulsating, 26, 25524
Keck's, undergraduate, 21, 13203
flunky's, paintings, 29, 10371
Thanksgivings, Myron's, 29, 30372
tech's, vessel's, 33, 11801
swaggerer, concierge, 21, 16886
Nd's, grasshoppers, 34, 25855
creed, popinjay's, 22, 37280
brier's, Fay's, 25, 15900
riddled, tanned, 21, 21530
Gatorade's, Netzahualcoyotl's, 35, 25562
pronouncement's, knotholes, 31, 12008
forefoot's, antagonistic, 19, 33935
castigators, hedonism, 29, 25873
breathlessness, woodcock, 22, 6817
Garbo, radiotherapist, 29, 17522
tangerine, Indy's, 25, 32830
Slavic's, nightlife's, 25, 27383
procrastination, Jami's, 28, 16913
superstar's, evacuation's, 29, 31261
tanner's, barbershop, 27, 20219
transform, crackpot, 21, 10012
broiled, lifesaver's, 17, 22429
copyrighting, promise, 31, 22567
Klingon, agonizing, 18, 8143
enhancements, Pentecostal's, 29, 10467
hobble, Pike, 19, 27825
computerizing, confidante, 34, 34071
opportunity, baled, 32, 28700
Ur, kindling's, 29, 36222
Noyes, unite, 34, 15476
pods, grapples, 19, 24564
wobbliest, sloppily, 26, 7528
Clarissa, bounden, 17, 14574
BYOB, Reinhold's, 32, 26786
ingraining, jaywalkers, 33, 14179
lauded, gusto's, 19, 20689
forgetfully, tanker's, 25, 25333
augured, dartboards, 23, 26242
Garrett, wrongness's, 30, 14540
Flagstaff's, catalpa's, 27, 36771
exorcising, literate, 18, 17523
Langland's, McClure, 30, 25401
postmarks, sexism's, 25, 32748
roan's, discomforts, 19, 35169
editorial's, rubbishy, 33, 13444
candlestick, pinholes, 29, 16401
solicited, barnacle, 27, 21521
lingeringly, fantasies, 33, 33613
psyched, exploited, 25, 12532
logrolling's, clods, 32, 30973
IRA, potion's, 28, 18686
moratoriums, Dido, 33, 18513
Google, piratical, 23, 9824
